student_id,name
2010CS50200,Ashley
2010CS50201,Ajsd
2010CS50202,Ajsk
2010CS50203,Avner
2010CS50204,Vinay
2010CS50205,Akshay
2010CS50206,Sunil
2010CS50207,Vihaan
2010CS50208,Vanshikha
2010CS50209,Monika
2010CS50210,Rakhi
2010CS50211,Vasu
2010CS50212,Arunika
2010CS50213,Ishu
2010CS50214,Jai
2010CS50215,SriRam
2010CS50216,Prem
2010CS50217,Ayush
2010CS50218,Bipul
2010CS50219,Game
2010CS50220,Bipul Kumar
2010CS50221,Prakhar
2010CS50222,Deepak
2010CS50223,Udayin
2010CS50224,Momin
2010CS50225,Neha
2010CS50226,Sonam
2010CS50227,Shikha
2010CS50228,Monika
2010CS50229,Sunita
2010CS50230,Renu
2010CS50231,Manju
2010CS50232,Pankaj
2010CS50233,Ananya
2010CS50234,Vaibhav
2010CS50235,Rohit Singh
2010CS50236,Yogesh
2010CS50237,Sahil ch
2010CS50238,Sahil Singh
2010CS50239,Anushi
2010CS50240,Ankita
2010CS50241,Avnika
2010CS50242,Trisha
2010CS50243,Bhawna
2010CS50244,Shalu
2010CS50245,Kanika
2010CS50246,Vani
2010CS50247,Nandini
2010CS50248,Deepika
2010CS50249,Neha Sharma
2011CS50200,Ashley
2011CS50201,Ajsd
2011CS50202,Ajsk
2011CS50203,Avner
2011CS50204,Vinay
2011CS50205,Akshay
2011CS50206,Sunil
2011CS50207,Vihaan
2011CS50208,Vanshikha
2011CS50209,Monika
2011CS50210,Rakhi
2011CS50211,Vasu
2011CS50212,Arunika
2011CS50213,Ishu
2011CS50214,Jai
2011CS50215,SriRam
2011CS50216,Prem
2011CS50217,Ayush
2011CS50218,Bipul
2011CS50219,Game
2011CS50220,Bipul Kumar
2011CS50221,Prakhar
2011CS50222,Deepak
2011CS50223,Udayin
2011CS50224,Momin
2011CS50225,Neha
2011CS50226,Sonam
2011CS50227,Shikha
2011CS50228,Monika
2011CS50229,Sunita
2011CS50230,Renu
2011CS50231,Manju
2011CS50232,Pankaj
2011CS50233,Ananya
2011CS50234,Vaibhav
2011CS50235,Rohit Singh
2011CS50236,Yogesh
2011CS50237,Sahil ch
2011CS50238,Sahil Singh
2011CS50239,Anushi
2011CS50240,Ankita
2011CS50241,Avnika
2011CS50242,Trisha
2011CS50243,Bhawna
2011CS50244,Shalu
2011CS50245,Kanika
2011CS50246,Vani
2011CS50247,Nandini
2011CS50248,Deepika
2011CS50249,Neha Sharma
2012CS50200,Ashley
2012CS50201,Ajsd
2012CS50202,Ajsk
2012CS50203,Avner
2012CS50204,Vinay
2012CS50205,Akshay
2012CS50206,Sunil
2012CS50207,Vihaan
2012CS50208,Vanshikha
2012CS50209,Monika
2012CS50210,Rakhi
2012CS50211,Vasu
2012CS50212,Arunika
2012CS50213,Ishu
2012CS50214,Jai
2012CS50215,SriRam
2012CS50216,Prem
2012CS50217,Ayush
2012CS50218,Bipul
2012CS50219,Game
2012CS50220,Bipul Kumar
2012CS50221,Prakhar
2012CS50222,Deepak
2012CS50223,Udayin
2012CS50224,Momin
2012CS50225,Neha
2012CS50226,Sonam
2012CS50227,Shikha
2012CS50228,Monika
2012CS50229,Sunita
2012CS50230,Renu
2012CS50231,Manju
2012CS50232,Pankaj
2012CS50233,Ananya
2012CS50234,Vaibhav
2012CS50235,Rohit Singh
2012CS50236,Yogesh
2012CS50237,Sahil ch
2012CS50238,Sahil Singh
2012CS50239,Anushi
2012CS50240,Ankita
2012CS50241,Avnika
2012CS50242,Trisha
2012CS50243,Bhawna
2012CS50244,Shalu
2012CS50245,Kanika
2012CS50246,Vani
2012CS50247,Nandini
2012CS50248,Deepika
2012CS50249,Neha Sharma
2013CS50200,Ashley
2013CS50201,Ajsd
2013CS50202,Ajsk
2013CS50203,Avner
2013CS50204,Vinay
2013CS50205,Akshay
2013CS50206,Sunil
2013CS50207,Vihaan
2013CS50208,Vanshikha
2013CS50209,Monika
2013CS50210,Rakhi
2013CS50211,Vasu
2013CS50212,Arunika
2013CS50213,Ishu
2013CS50214,Jai
2013CS50215,SriRam
2013CS50216,Prem
2013CS50217,Ayush
2013CS50218,Bipul
2013CS50219,Game
2013CS50220,Bipul Kumar
2013CS50221,Prakhar
2013CS50222,Deepak
2013CS50223,Udayin
2013CS50224,Momin
2013CS50225,Neha
2013CS50226,Sonam
2013CS50227,Shikha
2013CS50228,Monika
2013CS50229,Sunita
2013CS50230,Renu
2013CS50231,Manju
2013CS50232,Pankaj
2013CS50233,Ananya
2013CS50234,Vaibhav
2013CS50235,Rohit Singh
2013CS50236,Yogesh
2013CS50237,Sahil ch
2013CS50238,Sahil Singh
2013CS50239,Anushi
2013CS50240,Ankita
2013CS50241,Avnika
2013CS50242,Trisha
2013CS50243,Bhawna
2013CS50244,Shalu
2013CS50245,Kanika
2013CS50246,Vani
2013CS50247,Nandini
2013CS50248,Deepika
2013CS50249,Neha Sharma
2014CS50200,Ashley
2014CS50201,Ajsd
2014CS50202,Ajsk
2014CS50203,Avner
2014CS50204,Vinay
2014CS50205,Akshay
2014CS50206,Sunil
2014CS50207,Vihaan
2014CS50208,Vanshikha
2014CS50209,Monika
2014CS50210,Rakhi
2014CS50211,Vasu
2014CS50212,Arunika
2014CS50213,Ishu
2014CS50214,Jai
2014CS50215,SriRam
2014CS50216,Prem
2014CS50217,Ayush
2014CS50218,Bipul
2014CS50219,Game
2014CS50220,Bipul Kumar
2014CS50221,Prakhar
2014CS50222,Deepak
2014CS50223,Udayin
2014CS50224,Momin
2014CS50225,Neha
2014CS50226,Sonam
2014CS50227,Shikha
2014CS50228,Monika
2014CS50229,Sunita
2014CS50230,Renu
2014CS50231,Manju
2014CS50232,Pankaj
2014CS50233,Ananya
2014CS50234,Vaibhav
2014CS50235,Rohit Singh
2014CS50236,Yogesh
2014CS50237,Sahil ch
2014CS50238,Sahil Singh
2014CS50239,Anushi
2014CS50240,Ankita
2014CS50241,Avnika
2014CS50242,Trisha
2014CS50243,Bhawna
2014CS50244,Shalu
2014CS50245,Kanika
2014CS50246,Vani
2014CS50247,Nandini
2014CS50248,Deepika
2014CS50249,Neha Sharma
2015CS50200,Ashley
2015CS50201,Ajsd
2015CS50202,Ajsk
2015CS50203,Avner
2015CS50204,Vinay
2015CS50205,Akshay
2015CS50206,Sunil
2015CS50207,Vihaan
2015CS50208,Vanshikha
2015CS50209,Monika
2015CS50210,Rakhi
2015CS50211,Vasu
2015CS50212,Arunika
2015CS50213,Ishu
2015CS50214,Jai
2015CS50215,SriRam
2015CS50216,Prem
2015CS50217,Ayush
2015CS50218,Bipul
2015CS50219,Game
2015CS50220,Bipul Kumar
2015CS50221,Prakhar
2015CS50222,Deepak
2015CS50223,Udayin
2015CS50224,Momin
2015CS50225,Neha
2015CS50226,Sonam
2015CS50227,Shikha
2015CS50228,Monika
2015CS50229,Sunita
2015CS50230,Renu
2015CS50231,Manju
2015CS50232,Pankaj
2015CS50233,Ananya
2015CS50234,Vaibhav
2015CS50235,Rohit Singh
2015CS50236,Yogesh
2015CS50237,Sahil ch
2015CS50238,Sahil Singh
2015CS50239,Anushi
2015CS50240,Ankita
2015CS50241,Avnika
2015CS50242,Trisha
2015CS50243,Bhawna
2015CS50244,Shalu
2015CS50245,Kanika
2015CS50246,Vani
2015CS50247,Nandini
2015CS50248,Deepika
2015CS50249,Neha Sharma
2016CS50200,Ashley
2016CS50201,Ajsd
2016CS50202,Ajsk
2016CS50203,Avner
2016CS50204,Vinay
2016CS50205,Akshay
2016CS50206,Sunil
2016CS50207,Vihaan
2016CS50208,Vanshikha
2016CS50209,Monika
2016CS50210,Rakhi
2016CS50211,Vasu
2016CS50212,Arunika
2016CS50213,Ishu
2016CS50214,Jai
2016CS50215,SriRam
2016CS50216,Prem
2016CS50217,Ayush
2016CS50218,Bipul
2016CS50219,Game
2016CS50220,Bipul Kumar
2016CS50221,Prakhar
2016CS50222,Deepak
2016CS50223,Udayin
2016CS50224,Momin
2016CS50225,Neha
2016CS50226,Sonam
2016CS50227,Shikha
2016CS50228,Monika
2016CS50229,Sunita
2016CS50230,Renu
2016CS50231,Manju
2016CS50232,Pankaj
2016CS50233,Ananya
2016CS50234,Vaibhav
2016CS50235,Rohit Singh
2016CS50236,Yogesh
2016CS50237,Sahil ch
2016CS50238,Sahil Singh
2016CS50239,Anushi
2016CS50240,Ankita
2016CS50241,Avnika
2016CS50242,Trisha
2016CS50243,Bhawna
2016CS50244,Shalu
2016CS50245,Kanika
2016CS50246,Vani
2016CS50247,Nandini
2016CS50248,Deepika
2016CS50249,Neha Sharma
2017CS50200,Ashley
2017CS50201,Ajsd
2017CS50202,Ajsk
2017CS50203,Avner
2017CS50204,Vinay
2017CS50205,Akshay
2017CS50206,Sunil
2017CS50207,Vihaan
2017CS50208,Vanshikha
2017CS50209,Monika
2017CS50210,Rakhi
2017CS50211,Vasu
2017CS50212,Arunika
2017CS50213,Ishu
2017CS50214,Jai
2017CS50215,SriRam
2017CS50216,Prem
2017CS50217,Ayush
2017CS50218,Bipul
2017CS50219,Game
2017CS50220,Bipul Kumar
2017CS50221,Prakhar
2017CS50222,Deepak
2017CS50223,Udayin
2017CS50224,Momin
2017CS50225,Neha
2017CS50226,Sonam
2017CS50227,Shikha
2017CS50228,Monika
2017CS50229,Sunita
2017CS50230,Renu
2017CS50231,Manju
2017CS50232,Pankaj
2017CS50233,Ananya
2017CS50234,Vaibhav
2017CS50235,Rohit Singh
2017CS50236,Yogesh
2017CS50237,Sahil ch
2017CS50238,Sahil Singh
2017CS50239,Anushi
2017CS50240,Ankita
2017CS50241,Avnika
2017CS50242,Trisha
2017CS50243,Bhawna
2017CS50244,Shalu
2017CS50245,Kanika
2017CS50246,Vani
2017CS50247,Nandini
2017CS50248,Deepika
2017CS50249,Neha Sharma
2018CS50200,Ashley
2018CS50201,Ajsd
2018CS50202,Ajsk
2018CS50203,Avner
2018CS50204,Vinay
2018CS50205,Akshay
2018CS50206,Sunil
2018CS50207,Vihaan
2018CS50208,Vanshikha
2018CS50209,Monika
2018CS50210,Rakhi
2018CS50211,Vasu
2018CS50212,Arunika
2018CS50213,Ishu
2018CS50214,Jai
2018CS50215,SriRam
2018CS50216,Prem
2018CS50217,Ayush
2018CS50218,Bipul
2018CS50219,Game
2018CS50220,Bipul Kumar
2018CS50221,Prakhar
2018CS50222,Deepak
2018CS50223,Udayin
2018CS50224,Momin
2018CS50225,Neha
2018CS50226,Sonam
2018CS50227,Shikha
2018CS50228,Monika
2018CS50229,Sunita
2018CS50230,Renu
2018CS50231,Manju
2018CS50232,Pankaj
2018CS50233,Ananya
2018CS50234,Vaibhav
2018CS50235,Rohit Singh
2018CS50236,Yogesh
2018CS50237,Sahil ch
2018CS50238,Sahil Singh
2018CS50239,Anushi
2018CS50240,Ankita
2018CS50241,Avnika
2018CS50242,Trisha
2018CS50243,Bhawna
2018CS50244,Shalu
2018CS50245,Kanika
2018CS50246,Vani
2018CS50247,Nandini
2018CS50248,Deepika
2018CS50249,Neha Sharma
2019CS50200,Ashley
2019CS50201,Ajsd
2019CS50202,Ajsk
2019CS50203,Avner
2019CS50204,Vinay
2019CS50205,Akshay
2019CS50206,Sunil
2019CS50207,Vihaan
2019CS50208,Vanshikha
2019CS50209,Monika
2019CS50210,Rakhi
2019CS50211,Vasu
2019CS50212,Arunika
2019CS50213,Ishu
2019CS50214,Jai
2019CS50215,SriRam
2019CS50216,Prem
2019CS50217,Ayush
2019CS50218,Bipul
2019CS50219,Game
2019CS50220,Bipul Kumar
2019CS50221,Prakhar
2019CS50222,Deepak
2019CS50223,Udayin
2019CS50224,Momin
2019CS50225,Neha
2019CS50226,Sonam
2019CS50227,Shikha
2019CS50228,Monika
2019CS50229,Sunita
2019CS50230,Renu
2019CS50231,Manju
2019CS50232,Pankaj
2019CS50233,Ananya
2019CS50234,Vaibhav
2019CS50235,Rohit Singh
2019CS50236,Yogesh
2019CS50237,Sahil ch
2019CS50238,Sahil Singh
2019CS50239,Anushi
2019CS50240,Ankita
2019CS50241,Avnika
2019CS50242,Trisha
2019CS50243,Bhawna
2019CS50244,Shalu
2019CS50245,Kanika
2019CS50246,Vani
2019CS50247,Nandini
2019CS50248,Deepika
2019CS50249,Neha Sharma
2010CS10200,Ashley
2010CS10201,Ajsd
2010CS10202,Ajsk
2010CS10203,Avner
2010CS10204,Vinay
2010CS10205,Akshay
2010CS10206,Sunil
2010CS10207,Vihaan
2010CS10208,Vanshikha
2010CS10209,Monika
2010CS10210,Rakhi
2010CS10211,Vasu
2010CS10212,Arunika
2010CS10213,Ishu
2010CS10214,Jai
2010CS10215,SriRam
2010CS10216,Prem
2010CS10217,Ayush
2010CS10218,Bipul
2010CS10219,Game
2010CS10220,Bipul Kumar
2010CS10221,Prakhar
2010CS10222,Deepak
2010CS10223,Udayin
2010CS10224,Momin
2010CS10225,Neha
2010CS10226,Sonam
2010CS10227,Shikha
2010CS10228,Monika
2010CS10229,Sunita
2010CS10230,Renu
2010CS10231,Manju
2010CS10232,Pankaj
2010CS10233,Ananya
2010CS10234,Vaibhav
2010CS10235,Rohit Singh
2010CS10236,Yogesh
2010CS10237,Sahil ch
2010CS10238,Sahil Singh
2010CS10239,Anushi
2010CS10240,Ankita
2010CS10241,Avnika
2010CS10242,Trisha
2010CS10243,Bhawna
2010CS10244,Shalu
2010CS10245,Kanika
2010CS10246,Vani
2010CS10247,Nandini
2010CS10248,Deepika
2010CS10249,Neha Sharma
2011CS10200,Ashley
2011CS10201,Ajsd
2011CS10202,Ajsk
2011CS10203,Avner
2011CS10204,Vinay
2011CS10205,Akshay
2011CS10206,Sunil
2011CS10207,Vihaan
2011CS10208,Vanshikha
2011CS10209,Monika
2011CS10210,Rakhi
2011CS10211,Vasu
2011CS10212,Arunika
2011CS10213,Ishu
2011CS10214,Jai
2011CS10215,SriRam
2011CS10216,Prem
2011CS10217,Ayush
2011CS10218,Bipul
2011CS10219,Game
2011CS10220,Bipul Kumar
2011CS10221,Prakhar
2011CS10222,Deepak
2011CS10223,Udayin
2011CS10224,Momin
2011CS10225,Neha
2011CS10226,Sonam
2011CS10227,Shikha
2011CS10228,Monika
2011CS10229,Sunita
2011CS10230,Renu
2011CS10231,Manju
2011CS10232,Pankaj
2011CS10233,Ananya
2011CS10234,Vaibhav
2011CS10235,Rohit Singh
2011CS10236,Yogesh
2011CS10237,Sahil ch
2011CS10238,Sahil Singh
2011CS10239,Anushi
2011CS10240,Ankita
2011CS10241,Avnika
2011CS10242,Trisha
2011CS10243,Bhawna
2011CS10244,Shalu
2011CS10245,Kanika
2011CS10246,Vani
2011CS10247,Nandini
2011CS10248,Deepika
2011CS10249,Neha Sharma
2012CS10200,Ashley
2012CS10201,Ajsd
2012CS10202,Ajsk
2012CS10203,Avner
2012CS10204,Vinay
2012CS10205,Akshay
2012CS10206,Sunil
2012CS10207,Vihaan
2012CS10208,Vanshikha
2012CS10209,Monika
2012CS10210,Rakhi
2012CS10211,Vasu
2012CS10212,Arunika
2012CS10213,Ishu
2012CS10214,Jai
2012CS10215,SriRam
2012CS10216,Prem
2012CS10217,Ayush
2012CS10218,Bipul
2012CS10219,Game
2012CS10220,Bipul Kumar
2012CS10221,Prakhar
2012CS10222,Deepak
2012CS10223,Udayin
2012CS10224,Momin
2012CS10225,Neha
2012CS10226,Sonam
2012CS10227,Shikha
2012CS10228,Monika
2012CS10229,Sunita
2012CS10230,Renu
2012CS10231,Manju
2012CS10232,Pankaj
2012CS10233,Ananya
2012CS10234,Vaibhav
2012CS10235,Rohit Singh
2012CS10236,Yogesh
2012CS10237,Sahil ch
2012CS10238,Sahil Singh
2012CS10239,Anushi
2012CS10240,Ankita
2012CS10241,Avnika
2012CS10242,Trisha
2012CS10243,Bhawna
2012CS10244,Shalu
2012CS10245,Kanika
2012CS10246,Vani
2012CS10247,Nandini
2012CS10248,Deepika
2012CS10249,Neha Sharma
2013CS10200,Ashley
2013CS10201,Ajsd
2013CS10202,Ajsk
2013CS10203,Avner
2013CS10204,Vinay
2013CS10205,Akshay
2013CS10206,Sunil
2013CS10207,Vihaan
2013CS10208,Vanshikha
2013CS10209,Monika
2013CS10210,Rakhi
2013CS10211,Vasu
2013CS10212,Arunika
2013CS10213,Ishu
2013CS10214,Jai
2013CS10215,SriRam
2013CS10216,Prem
2013CS10217,Ayush
2013CS10218,Bipul
2013CS10219,Game
2013CS10220,Bipul Kumar
2013CS10221,Prakhar
2013CS10222,Deepak
2013CS10223,Udayin
2013CS10224,Momin
2013CS10225,Neha
2013CS10226,Sonam
2013CS10227,Shikha
2013CS10228,Monika
2013CS10229,Sunita
2013CS10230,Renu
2013CS10231,Manju
2013CS10232,Pankaj
2013CS10233,Ananya
2013CS10234,Vaibhav
2013CS10235,Rohit Singh
2013CS10236,Yogesh
2013CS10237,Sahil ch
2013CS10238,Sahil Singh
2013CS10239,Anushi
2013CS10240,Ankita
2013CS10241,Avnika
2013CS10242,Trisha
2013CS10243,Bhawna
2013CS10244,Shalu
2013CS10245,Kanika
2013CS10246,Vani
2013CS10247,Nandini
2013CS10248,Deepika
2013CS10249,Neha Sharma
2014CS10200,Ashley
2014CS10201,Ajsd
2014CS10202,Ajsk
2014CS10203,Avner
2014CS10204,Vinay
2014CS10205,Akshay
2014CS10206,Sunil
2014CS10207,Vihaan
2014CS10208,Vanshikha
2014CS10209,Monika
2014CS10210,Rakhi
2014CS10211,Vasu
2014CS10212,Arunika
2014CS10213,Ishu
2014CS10214,Jai
2014CS10215,SriRam
2014CS10216,Prem
2014CS10217,Ayush
2014CS10218,Bipul
2014CS10219,Game
2014CS10220,Bipul Kumar
2014CS10221,Prakhar
2014CS10222,Deepak
2014CS10223,Udayin
2014CS10224,Momin
2014CS10225,Neha
2014CS10226,Sonam
2014CS10227,Shikha
2014CS10228,Monika
2014CS10229,Sunita
2014CS10230,Renu
2014CS10231,Manju
2014CS10232,Pankaj
2014CS10233,Ananya
2014CS10234,Vaibhav
2014CS10235,Rohit Singh
2014CS10236,Yogesh
2014CS10237,Sahil ch
2014CS10238,Sahil Singh
2014CS10239,Anushi
2014CS10240,Ankita
2014CS10241,Avnika
2014CS10242,Trisha
2014CS10243,Bhawna
2014CS10244,Shalu
2014CS10245,Kanika
2014CS10246,Vani
2014CS10247,Nandini
2014CS10248,Deepika
2014CS10249,Neha Sharma
2015CS10200,Ashley
2015CS10201,Ajsd
2015CS10202,Ajsk
2015CS10203,Avner
2015CS10204,Vinay
2015CS10205,Akshay
2015CS10206,Sunil
2015CS10207,Vihaan
2015CS10208,Vanshikha
2015CS10209,Monika
2015CS10210,Rakhi
2015CS10211,Vasu
2015CS10212,Arunika
2015CS10213,Ishu
2015CS10214,Jai
2015CS10215,SriRam
2015CS10216,Prem
2015CS10217,Ayush
2015CS10218,Bipul
2015CS10219,Game
2015CS10220,Bipul Kumar
2015CS10221,Prakhar
2015CS10222,Deepak
2015CS10223,Udayin
2015CS10224,Momin
2015CS10225,Neha
2015CS10226,Sonam
2015CS10227,Shikha
2015CS10228,Monika
2015CS10229,Sunita
2015CS10230,Renu
2015CS10231,Manju
2015CS10232,Pankaj
2015CS10233,Ananya
2015CS10234,Vaibhav
2015CS10235,Rohit Singh
2015CS10236,Yogesh
2015CS10237,Sahil ch
2015CS10238,Sahil Singh
2015CS10239,Anushi
2015CS10240,Ankita
2015CS10241,Avnika
2015CS10242,Trisha
2015CS10243,Bhawna
2015CS10244,Shalu
2015CS10245,Kanika
2015CS10246,Vani
2015CS10247,Nandini
2015CS10248,Deepika
2015CS10249,Neha Sharma
2016CS10200,Ashley
2016CS10201,Ajsd
2016CS10202,Ajsk
2016CS10203,Avner
2016CS10204,Vinay
2016CS10205,Akshay
2016CS10206,Sunil
2016CS10207,Vihaan
2016CS10208,Vanshikha
2016CS10209,Monika
2016CS10210,Rakhi
2016CS10211,Vasu
2016CS10212,Arunika
2016CS10213,Ishu
2016CS10214,Jai
2016CS10215,SriRam
2016CS10216,Prem
2016CS10217,Ayush
2016CS10218,Bipul
2016CS10219,Game
2016CS10220,Bipul Kumar
2016CS10221,Prakhar
2016CS10222,Deepak
2016CS10223,Udayin
2016CS10224,Momin
2016CS10225,Neha
2016CS10226,Sonam
2016CS10227,Shikha
2016CS10228,Monika
2016CS10229,Sunita
2016CS10230,Renu
2016CS10231,Manju
2016CS10232,Pankaj
2016CS10233,Ananya
2016CS10234,Vaibhav
2016CS10235,Rohit Singh
2016CS10236,Yogesh
2016CS10237,Sahil ch
2016CS10238,Sahil Singh
2016CS10239,Anushi
2016CS10240,Ankita
2016CS10241,Avnika
2016CS10242,Trisha
2016CS10243,Bhawna
2016CS10244,Shalu
2016CS10245,Kanika
2016CS10246,Vani
2016CS10247,Nandini
2016CS10248,Deepika
2016CS10249,Neha Sharma
2017CS10200,Ashley
2017CS10201,Ajsd
2017CS10202,Ajsk
2017CS10203,Avner
2017CS10204,Vinay
2017CS10205,Akshay
2017CS10206,Sunil
2017CS10207,Vihaan
2017CS10208,Vanshikha
2017CS10209,Monika
2017CS10210,Rakhi
2017CS10211,Vasu
2017CS10212,Arunika
2017CS10213,Ishu
2017CS10214,Jai
2017CS10215,SriRam
2017CS10216,Prem
2017CS10217,Ayush
2017CS10218,Bipul
2017CS10219,Game
2017CS10220,Bipul Kumar
2017CS10221,Prakhar
2017CS10222,Deepak
2017CS10223,Udayin
2017CS10224,Momin
2017CS10225,Neha
2017CS10226,Sonam
2017CS10227,Shikha
2017CS10228,Monika
2017CS10229,Sunita
2017CS10230,Renu
2017CS10231,Manju
2017CS10232,Pankaj
2017CS10233,Ananya
2017CS10234,Vaibhav
2017CS10235,Rohit Singh
2017CS10236,Yogesh
2017CS10237,Sahil ch
2017CS10238,Sahil Singh
2017CS10239,Anushi
2017CS10240,Ankita
2017CS10241,Avnika
2017CS10242,Trisha
2017CS10243,Bhawna
2017CS10244,Shalu
2017CS10245,Kanika
2017CS10246,Vani
2017CS10247,Nandini
2017CS10248,Deepika
2017CS10249,Neha Sharma
2018CS10200,Ashley
2018CS10201,Ajsd
2018CS10202,Ajsk
2018CS10203,Avner
2018CS10204,Vinay
2018CS10205,Akshay
2018CS10206,Sunil
2018CS10207,Vihaan
2018CS10208,Vanshikha
2018CS10209,Monika
2018CS10210,Rakhi
2018CS10211,Vasu
2018CS10212,Arunika
2018CS10213,Ishu
2018CS10214,Jai
2018CS10215,SriRam
2018CS10216,Prem
2018CS10217,Ayush
2018CS10218,Bipul
2018CS10219,Game
2018CS10220,Bipul Kumar
2018CS10221,Prakhar
2018CS10222,Deepak
2018CS10223,Udayin
2018CS10224,Momin
2018CS10225,Neha
2018CS10226,Sonam
2018CS10227,Shikha
2018CS10228,Monika
2018CS10229,Sunita
2018CS10230,Renu
2018CS10231,Manju
2018CS10232,Pankaj
2018CS10233,Ananya
2018CS10234,Vaibhav
2018CS10235,Rohit Singh
2018CS10236,Yogesh
2018CS10237,Sahil ch
2018CS10238,Sahil Singh
2018CS10239,Anushi
2018CS10240,Ankita
2018CS10241,Avnika
2018CS10242,Trisha
2018CS10243,Bhawna
2018CS10244,Shalu
2018CS10245,Kanika
2018CS10246,Vani
2018CS10247,Nandini
2018CS10248,Deepika
2018CS10249,Neha Sharma
2019CS10200,Ashley
2019CS10201,Ajsd
2019CS10202,Ajsk
2019CS10203,Avner
2019CS10204,Vinay
2019CS10205,Akshay
2019CS10206,Sunil
2019CS10207,Vihaan
2019CS10208,Vanshikha
2019CS10209,Monika
2019CS10210,Rakhi
2019CS10211,Vasu
2019CS10212,Arunika
2019CS10213,Ishu
2019CS10214,Jai
2019CS10215,SriRam
2019CS10216,Prem
2019CS10217,Ayush
2019CS10218,Bipul
2019CS10219,Game
2019CS10220,Bipul Kumar
2019CS10221,Prakhar
2019CS10222,Deepak
2019CS10223,Udayin
2019CS10224,Momin
2019CS10225,Neha
2019CS10226,Sonam
2019CS10227,Shikha
2019CS10228,Monika
2019CS10229,Sunita
2019CS10230,Renu
2019CS10231,Manju
2019CS10232,Pankaj
2019CS10233,Ananya
2019CS10234,Vaibhav
2019CS10235,Rohit Singh
2019CS10236,Yogesh
2019CS10237,Sahil ch
2019CS10238,Sahil Singh
2019CS10239,Anushi
2019CS10240,Ankita
2019CS10241,Avnika
2019CS10242,Trisha
2019CS10243,Bhawna
2019CS10244,Shalu
2019CS10245,Kanika
2019CS10246,Vani
2019CS10247,Nandini
2019CS10248,Deepika
2019CS10249,Neha Sharma
2010MT10200,Ashley
2010MT10201,Ajsd
2010MT10202,Ajsk
2010MT10203,Avner
2010MT10204,Vinay
2010MT10205,Akshay
2010MT10206,Sunil
2010MT10207,Vihaan
2010MT10208,Vanshikha
2010MT10209,Monika
2010MT10210,Rakhi
2010MT10211,Vasu
2010MT10212,Arunika
2010MT10213,Ishu
2010MT10214,Jai
2010MT10215,SriRam
2010MT10216,Prem
2010MT10217,Ayush
2010MT10218,Bipul
2010MT10219,Game
2010MT10220,Bipul Kumar
2010MT10221,Prakhar
2010MT10222,Deepak
2010MT10223,Udayin
2010MT10224,Momin
2010MT10225,Neha
2010MT10226,Sonam
2010MT10227,Shikha
2010MT10228,Monika
2010MT10229,Sunita
2010MT10230,Renu
2010MT10231,Manju
2010MT10232,Pankaj
2010MT10233,Ananya
2010MT10234,Vaibhav
2010MT10235,Rohit Singh
2010MT10236,Yogesh
2010MT10237,Sahil ch
2010MT10238,Sahil Singh
2010MT10239,Anushi
2010MT10240,Ankita
2010MT10241,Avnika
2010MT10242,Trisha
2010MT10243,Bhawna
2010MT10244,Shalu
2010MT10245,Kanika
2010MT10246,Vani
2010MT10247,Nandini
2010MT10248,Deepika
2010MT10249,Neha Sharma
2011MT10200,Ashley
2011MT10201,Ajsd
2011MT10202,Ajsk
2011MT10203,Avner
2011MT10204,Vinay
2011MT10205,Akshay
2011MT10206,Sunil
2011MT10207,Vihaan
2011MT10208,Vanshikha
2011MT10209,Monika
2011MT10210,Rakhi
2011MT10211,Vasu
2011MT10212,Arunika
2011MT10213,Ishu
2011MT10214,Jai
2011MT10215,SriRam
2011MT10216,Prem
2011MT10217,Ayush
2011MT10218,Bipul
2011MT10219,Game
2011MT10220,Bipul Kumar
2011MT10221,Prakhar
2011MT10222,Deepak
2011MT10223,Udayin
2011MT10224,Momin
2011MT10225,Neha
2011MT10226,Sonam
2011MT10227,Shikha
2011MT10228,Monika
2011MT10229,Sunita
2011MT10230,Renu
2011MT10231,Manju
2011MT10232,Pankaj
2011MT10233,Ananya
2011MT10234,Vaibhav
2011MT10235,Rohit Singh
2011MT10236,Yogesh
2011MT10237,Sahil ch
2011MT10238,Sahil Singh
2011MT10239,Anushi
2011MT10240,Ankita
2011MT10241,Avnika
2011MT10242,Trisha
2011MT10243,Bhawna
2011MT10244,Shalu
2011MT10245,Kanika
2011MT10246,Vani
2011MT10247,Nandini
2011MT10248,Deepika
2011MT10249,Neha Sharma
2012MT10200,Ashley
2012MT10201,Ajsd
2012MT10202,Ajsk
2012MT10203,Avner
2012MT10204,Vinay
2012MT10205,Akshay
2012MT10206,Sunil
2012MT10207,Vihaan
2012MT10208,Vanshikha
2012MT10209,Monika
2012MT10210,Rakhi
2012MT10211,Vasu
2012MT10212,Arunika
2012MT10213,Ishu
2012MT10214,Jai
2012MT10215,SriRam
2012MT10216,Prem
2012MT10217,Ayush
2012MT10218,Bipul
2012MT10219,Game
2012MT10220,Bipul Kumar
2012MT10221,Prakhar
2012MT10222,Deepak
2012MT10223,Udayin
2012MT10224,Momin
2012MT10225,Neha
2012MT10226,Sonam
2012MT10227,Shikha
2012MT10228,Monika
2012MT10229,Sunita
2012MT10230,Renu
2012MT10231,Manju
2012MT10232,Pankaj
2012MT10233,Ananya
2012MT10234,Vaibhav
2012MT10235,Rohit Singh
2012MT10236,Yogesh
2012MT10237,Sahil ch
2012MT10238,Sahil Singh
2012MT10239,Anushi
2012MT10240,Ankita
2012MT10241,Avnika
2012MT10242,Trisha
2012MT10243,Bhawna
2012MT10244,Shalu
2012MT10245,Kanika
2012MT10246,Vani
2012MT10247,Nandini
2012MT10248,Deepika
2012MT10249,Neha Sharma
2013MT10200,Ashley
2013MT10201,Ajsd
2013MT10202,Ajsk
2013MT10203,Avner
2013MT10204,Vinay
2013MT10205,Akshay
2013MT10206,Sunil
2013MT10207,Vihaan
2013MT10208,Vanshikha
2013MT10209,Monika
2013MT10210,Rakhi
2013MT10211,Vasu
2013MT10212,Arunika
2013MT10213,Ishu
2013MT10214,Jai
2013MT10215,SriRam
2013MT10216,Prem
2013MT10217,Ayush
2013MT10218,Bipul
2013MT10219,Game
2013MT10220,Bipul Kumar
2013MT10221,Prakhar
2013MT10222,Deepak
2013MT10223,Udayin
2013MT10224,Momin
2013MT10225,Neha
2013MT10226,Sonam
2013MT10227,Shikha
2013MT10228,Monika
2013MT10229,Sunita
2013MT10230,Renu
2013MT10231,Manju
2013MT10232,Pankaj
2013MT10233,Ananya
2013MT10234,Vaibhav
2013MT10235,Rohit Singh
2013MT10236,Yogesh
2013MT10237,Sahil ch
2013MT10238,Sahil Singh
2013MT10239,Anushi
2013MT10240,Ankita
2013MT10241,Avnika
2013MT10242,Trisha
2013MT10243,Bhawna
2013MT10244,Shalu
2013MT10245,Kanika
2013MT10246,Vani
2013MT10247,Nandini
2013MT10248,Deepika
2013MT10249,Neha Sharma
2014MT10200,Ashley
2014MT10201,Ajsd
2014MT10202,Ajsk
2014MT10203,Avner
2014MT10204,Vinay
2014MT10205,Akshay
2014MT10206,Sunil
2014MT10207,Vihaan
2014MT10208,Vanshikha
2014MT10209,Monika
2014MT10210,Rakhi
2014MT10211,Vasu
2014MT10212,Arunika
2014MT10213,Ishu
2014MT10214,Jai
2014MT10215,SriRam
2014MT10216,Prem
2014MT10217,Ayush
2014MT10218,Bipul
2014MT10219,Game
2014MT10220,Bipul Kumar
2014MT10221,Prakhar
2014MT10222,Deepak
2014MT10223,Udayin
2014MT10224,Momin
2014MT10225,Neha
2014MT10226,Sonam
2014MT10227,Shikha
2014MT10228,Monika
2014MT10229,Sunita
2014MT10230,Renu
2014MT10231,Manju
2014MT10232,Pankaj
2014MT10233,Ananya
2014MT10234,Vaibhav
2014MT10235,Rohit Singh
2014MT10236,Yogesh
2014MT10237,Sahil ch
2014MT10238,Sahil Singh
2014MT10239,Anushi
2014MT10240,Ankita
2014MT10241,Avnika
2014MT10242,Trisha
2014MT10243,Bhawna
2014MT10244,Shalu
2014MT10245,Kanika
2014MT10246,Vani
2014MT10247,Nandini
2014MT10248,Deepika
2014MT10249,Neha Sharma
2015MT10200,Ashley
2015MT10201,Ajsd
2015MT10202,Ajsk
2015MT10203,Avner
2015MT10204,Vinay
2015MT10205,Akshay
2015MT10206,Sunil
2015MT10207,Vihaan
2015MT10208,Vanshikha
2015MT10209,Monika
2015MT10210,Rakhi
2015MT10211,Vasu
2015MT10212,Arunika
2015MT10213,Ishu
2015MT10214,Jai
2015MT10215,SriRam
2015MT10216,Prem
2015MT10217,Ayush
2015MT10218,Bipul
2015MT10219,Game
2015MT10220,Bipul Kumar
2015MT10221,Prakhar
2015MT10222,Deepak
2015MT10223,Udayin
2015MT10224,Momin
2015MT10225,Neha
2015MT10226,Sonam
2015MT10227,Shikha
2015MT10228,Monika
2015MT10229,Sunita
2015MT10230,Renu
2015MT10231,Manju
2015MT10232,Pankaj
2015MT10233,Ananya
2015MT10234,Vaibhav
2015MT10235,Rohit Singh
2015MT10236,Yogesh
2015MT10237,Sahil ch
2015MT10238,Sahil Singh
2015MT10239,Anushi
2015MT10240,Ankita
2015MT10241,Avnika
2015MT10242,Trisha
2015MT10243,Bhawna
2015MT10244,Shalu
2015MT10245,Kanika
2015MT10246,Vani
2015MT10247,Nandini
2015MT10248,Deepika
2015MT10249,Neha Sharma
2016MT10200,Ashley
2016MT10201,Ajsd
2016MT10202,Ajsk
2016MT10203,Avner
2016MT10204,Vinay
2016MT10205,Akshay
2016MT10206,Sunil
2016MT10207,Vihaan
2016MT10208,Vanshikha
2016MT10209,Monika
2016MT10210,Rakhi
2016MT10211,Vasu
2016MT10212,Arunika
2016MT10213,Ishu
2016MT10214,Jai
2016MT10215,SriRam
2016MT10216,Prem
2016MT10217,Ayush
2016MT10218,Bipul
2016MT10219,Game
2016MT10220,Bipul Kumar
2016MT10221,Prakhar
2016MT10222,Deepak
2016MT10223,Udayin
2016MT10224,Momin
2016MT10225,Neha
2016MT10226,Sonam
2016MT10227,Shikha
2016MT10228,Monika
2016MT10229,Sunita
2016MT10230,Renu
2016MT10231,Manju
2016MT10232,Pankaj
2016MT10233,Ananya
2016MT10234,Vaibhav
2016MT10235,Rohit Singh
2016MT10236,Yogesh
2016MT10237,Sahil ch
2016MT10238,Sahil Singh
2016MT10239,Anushi
2016MT10240,Ankita
2016MT10241,Avnika
2016MT10242,Trisha
2016MT10243,Bhawna
2016MT10244,Shalu
2016MT10245,Kanika
2016MT10246,Vani
2016MT10247,Nandini
2016MT10248,Deepika
2016MT10249,Neha Sharma
2017MT10200,Ashley
2017MT10201,Ajsd
2017MT10202,Ajsk
2017MT10203,Avner
2017MT10204,Vinay
2017MT10205,Akshay
2017MT10206,Sunil
2017MT10207,Vihaan
2017MT10208,Vanshikha
2017MT10209,Monika
2017MT10210,Rakhi
2017MT10211,Vasu
2017MT10212,Arunika
2017MT10213,Ishu
2017MT10214,Jai
2017MT10215,SriRam
2017MT10216,Prem
2017MT10217,Ayush
2017MT10218,Bipul
2017MT10219,Game
2017MT10220,Bipul Kumar
2017MT10221,Prakhar
2017MT10222,Deepak
2017MT10223,Udayin
2017MT10224,Momin
2017MT10225,Neha
2017MT10226,Sonam
2017MT10227,Shikha
2017MT10228,Monika
2017MT10229,Sunita
2017MT10230,Renu
2017MT10231,Manju
2017MT10232,Pankaj
2017MT10233,Ananya
2017MT10234,Vaibhav
2017MT10235,Rohit Singh
2017MT10236,Yogesh
2017MT10237,Sahil ch
2017MT10238,Sahil Singh
2017MT10239,Anushi
2017MT10240,Ankita
2017MT10241,Avnika
2017MT10242,Trisha
2017MT10243,Bhawna
2017MT10244,Shalu
2017MT10245,Kanika
2017MT10246,Vani
2017MT10247,Nandini
2017MT10248,Deepika
2017MT10249,Neha Sharma
2018MT10200,Ashley
2018MT10201,Ajsd
2018MT10202,Ajsk
2018MT10203,Avner
2018MT10204,Vinay
2018MT10205,Akshay
2018MT10206,Sunil
2018MT10207,Vihaan
2018MT10208,Vanshikha
2018MT10209,Monika
2018MT10210,Rakhi
2018MT10211,Vasu
2018MT10212,Arunika
2018MT10213,Ishu
2018MT10214,Jai
2018MT10215,SriRam
2018MT10216,Prem
2018MT10217,Ayush
2018MT10218,Bipul
2018MT10219,Game
2018MT10220,Bipul Kumar
2018MT10221,Prakhar
2018MT10222,Deepak
2018MT10223,Udayin
2018MT10224,Momin
2018MT10225,Neha
2018MT10226,Sonam
2018MT10227,Shikha
2018MT10228,Monika
2018MT10229,Sunita
2018MT10230,Renu
2018MT10231,Manju
2018MT10232,Pankaj
2018MT10233,Ananya
2018MT10234,Vaibhav
2018MT10235,Rohit Singh
2018MT10236,Yogesh
2018MT10237,Sahil ch
2018MT10238,Sahil Singh
2018MT10239,Anushi
2018MT10240,Ankita
2018MT10241,Avnika
2018MT10242,Trisha
2018MT10243,Bhawna
2018MT10244,Shalu
2018MT10245,Kanika
2018MT10246,Vani
2018MT10247,Nandini
2018MT10248,Deepika
2018MT10249,Neha Sharma
2019MT10200,Ashley
2019MT10201,Ajsd
2019MT10202,Ajsk
2019MT10203,Avner
2019MT10204,Vinay
2019MT10205,Akshay
2019MT10206,Sunil
2019MT10207,Vihaan
2019MT10208,Vanshikha
2019MT10209,Monika
2019MT10210,Rakhi
2019MT10211,Vasu
2019MT10212,Arunika
2019MT10213,Ishu
2019MT10214,Jai
2019MT10215,SriRam
2019MT10216,Prem
2019MT10217,Ayush
2019MT10218,Bipul
2019MT10219,Game
2019MT10220,Bipul Kumar
2019MT10221,Prakhar
2019MT10222,Deepak
2019MT10223,Udayin
2019MT10224,Momin
2019MT10225,Neha
2019MT10226,Sonam
2019MT10227,Shikha
2019MT10228,Monika
2019MT10229,Sunita
2019MT10230,Renu
2019MT10231,Manju
2019MT10232,Pankaj
2019MT10233,Ananya
2019MT10234,Vaibhav
2019MT10235,Rohit Singh
2019MT10236,Yogesh
2019MT10237,Sahil ch
2019MT10238,Sahil Singh
2019MT10239,Anushi
2019MT10240,Ankita
2019MT10241,Avnika
2019MT10242,Trisha
2019MT10243,Bhawna
2019MT10244,Shalu
2019MT10245,Kanika
2019MT10246,Vani
2019MT10247,Nandini
2019MT10248,Deepika
2019MT10249,Neha Sharma
2010EE10200,Ashley
2010EE10201,Ajsd
2010EE10202,Ajsk
2010EE10203,Avner
2010EE10204,Vinay
2010EE10205,Akshay
2010EE10206,Sunil
2010EE10207,Vihaan
2010EE10208,Vanshikha
2010EE10209,Monika
2010EE10210,Rakhi
2010EE10211,Vasu
2010EE10212,Arunika
2010EE10213,Ishu
2010EE10214,Jai
2010EE10215,SriRam
2010EE10216,Prem
2010EE10217,Ayush
2010EE10218,Bipul
2010EE10219,Game
2010EE10220,Bipul Kumar
2010EE10221,Prakhar
2010EE10222,Deepak
2010EE10223,Udayin
2010EE10224,Momin
2010EE10225,Neha
2010EE10226,Sonam
2010EE10227,Shikha
2010EE10228,Monika
2010EE10229,Sunita
2010EE10230,Renu
2010EE10231,Manju
2010EE10232,Pankaj
2010EE10233,Ananya
2010EE10234,Vaibhav
2010EE10235,Rohit Singh
2010EE10236,Yogesh
2010EE10237,Sahil ch
2010EE10238,Sahil Singh
2010EE10239,Anushi
2010EE10240,Ankita
2010EE10241,Avnika
2010EE10242,Trisha
2010EE10243,Bhawna
2010EE10244,Shalu
2010EE10245,Kanika
2010EE10246,Vani
2010EE10247,Nandini
2010EE10248,Deepika
2010EE10249,Neha Sharma
2011EE10200,Ashley
2011EE10201,Ajsd
2011EE10202,Ajsk
2011EE10203,Avner
2011EE10204,Vinay
2011EE10205,Akshay
2011EE10206,Sunil
2011EE10207,Vihaan
2011EE10208,Vanshikha
2011EE10209,Monika
2011EE10210,Rakhi
2011EE10211,Vasu
2011EE10212,Arunika
2011EE10213,Ishu
2011EE10214,Jai
2011EE10215,SriRam
2011EE10216,Prem
2011EE10217,Ayush
2011EE10218,Bipul
2011EE10219,Game
2011EE10220,Bipul Kumar
2011EE10221,Prakhar
2011EE10222,Deepak
2011EE10223,Udayin
2011EE10224,Momin
2011EE10225,Neha
2011EE10226,Sonam
2011EE10227,Shikha
2011EE10228,Monika
2011EE10229,Sunita
2011EE10230,Renu
2011EE10231,Manju
2011EE10232,Pankaj
2011EE10233,Ananya
2011EE10234,Vaibhav
2011EE10235,Rohit Singh
2011EE10236,Yogesh
2011EE10237,Sahil ch
2011EE10238,Sahil Singh
2011EE10239,Anushi
2011EE10240,Ankita
2011EE10241,Avnika
2011EE10242,Trisha
2011EE10243,Bhawna
2011EE10244,Shalu
2011EE10245,Kanika
2011EE10246,Vani
2011EE10247,Nandini
2011EE10248,Deepika
2011EE10249,Neha Sharma
2012EE10200,Ashley
2012EE10201,Ajsd
2012EE10202,Ajsk
2012EE10203,Avner
2012EE10204,Vinay
2012EE10205,Akshay
2012EE10206,Sunil
2012EE10207,Vihaan
2012EE10208,Vanshikha
2012EE10209,Monika
2012EE10210,Rakhi
2012EE10211,Vasu
2012EE10212,Arunika
2012EE10213,Ishu
2012EE10214,Jai
2012EE10215,SriRam
2012EE10216,Prem
2012EE10217,Ayush
2012EE10218,Bipul
2012EE10219,Game
2012EE10220,Bipul Kumar
2012EE10221,Prakhar
2012EE10222,Deepak
2012EE10223,Udayin
2012EE10224,Momin
2012EE10225,Neha
2012EE10226,Sonam
2012EE10227,Shikha
2012EE10228,Monika
2012EE10229,Sunita
2012EE10230,Renu
2012EE10231,Manju
2012EE10232,Pankaj
2012EE10233,Ananya
2012EE10234,Vaibhav
2012EE10235,Rohit Singh
2012EE10236,Yogesh
2012EE10237,Sahil ch
2012EE10238,Sahil Singh
2012EE10239,Anushi
2012EE10240,Ankita
2012EE10241,Avnika
2012EE10242,Trisha
2012EE10243,Bhawna
2012EE10244,Shalu
2012EE10245,Kanika
2012EE10246,Vani
2012EE10247,Nandini
2012EE10248,Deepika
2012EE10249,Neha Sharma
2013EE10200,Ashley
2013EE10201,Ajsd
2013EE10202,Ajsk
2013EE10203,Avner
2013EE10204,Vinay
2013EE10205,Akshay
2013EE10206,Sunil
2013EE10207,Vihaan
2013EE10208,Vanshikha
2013EE10209,Monika
2013EE10210,Rakhi
2013EE10211,Vasu
2013EE10212,Arunika
2013EE10213,Ishu
2013EE10214,Jai
2013EE10215,SriRam
2013EE10216,Prem
2013EE10217,Ayush
2013EE10218,Bipul
2013EE10219,Game
2013EE10220,Bipul Kumar
2013EE10221,Prakhar
2013EE10222,Deepak
2013EE10223,Udayin
2013EE10224,Momin
2013EE10225,Neha
2013EE10226,Sonam
2013EE10227,Shikha
2013EE10228,Monika
2013EE10229,Sunita
2013EE10230,Renu
2013EE10231,Manju
2013EE10232,Pankaj
2013EE10233,Ananya
2013EE10234,Vaibhav
2013EE10235,Rohit Singh
2013EE10236,Yogesh
2013EE10237,Sahil ch
2013EE10238,Sahil Singh
2013EE10239,Anushi
2013EE10240,Ankita
2013EE10241,Avnika
2013EE10242,Trisha
2013EE10243,Bhawna
2013EE10244,Shalu
2013EE10245,Kanika
2013EE10246,Vani
2013EE10247,Nandini
2013EE10248,Deepika
2013EE10249,Neha Sharma
2014EE10200,Ashley
2014EE10201,Ajsd
2014EE10202,Ajsk
2014EE10203,Avner
2014EE10204,Vinay
2014EE10205,Akshay
2014EE10206,Sunil
2014EE10207,Vihaan
2014EE10208,Vanshikha
2014EE10209,Monika
2014EE10210,Rakhi
2014EE10211,Vasu
2014EE10212,Arunika
2014EE10213,Ishu
2014EE10214,Jai
2014EE10215,SriRam
2014EE10216,Prem
2014EE10217,Ayush
2014EE10218,Bipul
2014EE10219,Game
2014EE10220,Bipul Kumar
2014EE10221,Prakhar
2014EE10222,Deepak
2014EE10223,Udayin
2014EE10224,Momin
2014EE10225,Neha
2014EE10226,Sonam
2014EE10227,Shikha
2014EE10228,Monika
2014EE10229,Sunita
2014EE10230,Renu
2014EE10231,Manju
2014EE10232,Pankaj
2014EE10233,Ananya
2014EE10234,Vaibhav
2014EE10235,Rohit Singh
2014EE10236,Yogesh
2014EE10237,Sahil ch
2014EE10238,Sahil Singh
2014EE10239,Anushi
2014EE10240,Ankita
2014EE10241,Avnika
2014EE10242,Trisha
2014EE10243,Bhawna
2014EE10244,Shalu
2014EE10245,Kanika
2014EE10246,Vani
2014EE10247,Nandini
2014EE10248,Deepika
2014EE10249,Neha Sharma
2015EE10200,Ashley
2015EE10201,Ajsd
2015EE10202,Ajsk
2015EE10203,Avner
2015EE10204,Vinay
2015EE10205,Akshay
2015EE10206,Sunil
2015EE10207,Vihaan
2015EE10208,Vanshikha
2015EE10209,Monika
2015EE10210,Rakhi
2015EE10211,Vasu
2015EE10212,Arunika
2015EE10213,Ishu
2015EE10214,Jai
2015EE10215,SriRam
2015EE10216,Prem
2015EE10217,Ayush
2015EE10218,Bipul
2015EE10219,Game
2015EE10220,Bipul Kumar
2015EE10221,Prakhar
2015EE10222,Deepak
2015EE10223,Udayin
2015EE10224,Momin
2015EE10225,Neha
2015EE10226,Sonam
2015EE10227,Shikha
2015EE10228,Monika
2015EE10229,Sunita
2015EE10230,Renu
2015EE10231,Manju
2015EE10232,Pankaj
2015EE10233,Ananya
2015EE10234,Vaibhav
2015EE10235,Rohit Singh
2015EE10236,Yogesh
2015EE10237,Sahil ch
2015EE10238,Sahil Singh
2015EE10239,Anushi
2015EE10240,Ankita
2015EE10241,Avnika
2015EE10242,Trisha
2015EE10243,Bhawna
2015EE10244,Shalu
2015EE10245,Kanika
2015EE10246,Vani
2015EE10247,Nandini
2015EE10248,Deepika
2015EE10249,Neha Sharma
2016EE10200,Ashley
2016EE10201,Ajsd
2016EE10202,Ajsk
2016EE10203,Avner
2016EE10204,Vinay
2016EE10205,Akshay
2016EE10206,Sunil
2016EE10207,Vihaan
2016EE10208,Vanshikha
2016EE10209,Monika
2016EE10210,Rakhi
2016EE10211,Vasu
2016EE10212,Arunika
2016EE10213,Ishu
2016EE10214,Jai
2016EE10215,SriRam
2016EE10216,Prem
2016EE10217,Ayush
2016EE10218,Bipul
2016EE10219,Game
2016EE10220,Bipul Kumar
2016EE10221,Prakhar
2016EE10222,Deepak
2016EE10223,Udayin
2016EE10224,Momin
2016EE10225,Neha
2016EE10226,Sonam
2016EE10227,Shikha
2016EE10228,Monika
2016EE10229,Sunita
2016EE10230,Renu
2016EE10231,Manju
2016EE10232,Pankaj
2016EE10233,Ananya
2016EE10234,Vaibhav
2016EE10235,Rohit Singh
2016EE10236,Yogesh
2016EE10237,Sahil ch
2016EE10238,Sahil Singh
2016EE10239,Anushi
2016EE10240,Ankita
2016EE10241,Avnika
2016EE10242,Trisha
2016EE10243,Bhawna
2016EE10244,Shalu
2016EE10245,Kanika
2016EE10246,Vani
2016EE10247,Nandini
2016EE10248,Deepika
2016EE10249,Neha Sharma
2017EE10200,Ashley
2017EE10201,Ajsd
2017EE10202,Ajsk
2017EE10203,Avner
2017EE10204,Vinay
2017EE10205,Akshay
2017EE10206,Sunil
2017EE10207,Vihaan
2017EE10208,Vanshikha
2017EE10209,Monika
2017EE10210,Rakhi
2017EE10211,Vasu
2017EE10212,Arunika
2017EE10213,Ishu
2017EE10214,Jai
2017EE10215,SriRam
2017EE10216,Prem
2017EE10217,Ayush
2017EE10218,Bipul
2017EE10219,Game
2017EE10220,Bipul Kumar
2017EE10221,Prakhar
2017EE10222,Deepak
2017EE10223,Udayin
2017EE10224,Momin
2017EE10225,Neha
2017EE10226,Sonam
2017EE10227,Shikha
2017EE10228,Monika
2017EE10229,Sunita
2017EE10230,Renu
2017EE10231,Manju
2017EE10232,Pankaj
2017EE10233,Ananya
2017EE10234,Vaibhav
2017EE10235,Rohit Singh
2017EE10236,Yogesh
2017EE10237,Sahil ch
2017EE10238,Sahil Singh
2017EE10239,Anushi
2017EE10240,Ankita
2017EE10241,Avnika
2017EE10242,Trisha
2017EE10243,Bhawna
2017EE10244,Shalu
2017EE10245,Kanika
2017EE10246,Vani
2017EE10247,Nandini
2017EE10248,Deepika
2017EE10249,Neha Sharma
2018EE10200,Ashley
2018EE10201,Ajsd
2018EE10202,Ajsk
2018EE10203,Avner
2018EE10204,Vinay
2018EE10205,Akshay
2018EE10206,Sunil
2018EE10207,Vihaan
2018EE10208,Vanshikha
2018EE10209,Monika
2018EE10210,Rakhi
2018EE10211,Vasu
2018EE10212,Arunika
2018EE10213,Ishu
2018EE10214,Jai
2018EE10215,SriRam
2018EE10216,Prem
2018EE10217,Ayush
2018EE10218,Bipul
2018EE10219,Game
2018EE10220,Bipul Kumar
2018EE10221,Prakhar
2018EE10222,Deepak
2018EE10223,Udayin
2018EE10224,Momin
2018EE10225,Neha
2018EE10226,Sonam
2018EE10227,Shikha
2018EE10228,Monika
2018EE10229,Sunita
2018EE10230,Renu
2018EE10231,Manju
2018EE10232,Pankaj
2018EE10233,Ananya
2018EE10234,Vaibhav
2018EE10235,Rohit Singh
2018EE10236,Yogesh
2018EE10237,Sahil ch
2018EE10238,Sahil Singh
2018EE10239,Anushi
2018EE10240,Ankita
2018EE10241,Avnika
2018EE10242,Trisha
2018EE10243,Bhawna
2018EE10244,Shalu
2018EE10245,Kanika
2018EE10246,Vani
2018EE10247,Nandini
2018EE10248,Deepika
2018EE10249,Neha Sharma
2019EE10200,Ashley
2019EE10201,Ajsd
2019EE10202,Ajsk
2019EE10203,Avner
2019EE10204,Vinay
2019EE10205,Akshay
2019EE10206,Sunil
2019EE10207,Vihaan
2019EE10208,Vanshikha
2019EE10209,Monika
2019EE10210,Rakhi
2019EE10211,Vasu
2019EE10212,Arunika
2019EE10213,Ishu
2019EE10214,Jai
2019EE10215,SriRam
2019EE10216,Prem
2019EE10217,Ayush
2019EE10218,Bipul
2019EE10219,Game
2019EE10220,Bipul Kumar
2019EE10221,Prakhar
2019EE10222,Deepak
2019EE10223,Udayin
2019EE10224,Momin
2019EE10225,Neha
2019EE10226,Sonam
2019EE10227,Shikha
2019EE10228,Monika
2019EE10229,Sunita
2019EE10230,Renu
2019EE10231,Manju
2019EE10232,Pankaj
2019EE10233,Ananya
2019EE10234,Vaibhav
2019EE10235,Rohit Singh
2019EE10236,Yogesh
2019EE10237,Sahil ch
2019EE10238,Sahil Singh
2019EE10239,Anushi
2019EE10240,Ankita
2019EE10241,Avnika
2019EE10242,Trisha
2019EE10243,Bhawna
2019EE10244,Shalu
2019EE10245,Kanika
2019EE10246,Vani
2019EE10247,Nandini
2019EE10248,Deepika
2019EE10249,Neha Sharma
2010TT10200,Ashley
2010TT10201,Ajsd
2010TT10202,Ajsk
2010TT10203,Avner
2010TT10204,Vinay
2010TT10205,Akshay
2010TT10206,Sunil
2010TT10207,Vihaan
2010TT10208,Vanshikha
2010TT10209,Monika
2010TT10210,Rakhi
2010TT10211,Vasu
2010TT10212,Arunika
2010TT10213,Ishu
2010TT10214,Jai
2010TT10215,SriRam
2010TT10216,Prem
2010TT10217,Ayush
2010TT10218,Bipul
2010TT10219,Game
2010TT10220,Bipul Kumar
2010TT10221,Prakhar
2010TT10222,Deepak
2010TT10223,Udayin
2010TT10224,Momin
2010TT10225,Neha
2010TT10226,Sonam
2010TT10227,Shikha
2010TT10228,Monika
2010TT10229,Sunita
2010TT10230,Renu
2010TT10231,Manju
2010TT10232,Pankaj
2010TT10233,Ananya
2010TT10234,Vaibhav
2010TT10235,Rohit Singh
2010TT10236,Yogesh
2010TT10237,Sahil ch
2010TT10238,Sahil Singh
2010TT10239,Anushi
2010TT10240,Ankita
2010TT10241,Avnika
2010TT10242,Trisha
2010TT10243,Bhawna
2010TT10244,Shalu
2010TT10245,Kanika
2010TT10246,Vani
2010TT10247,Nandini
2010TT10248,Deepika
2010TT10249,Neha Sharma
2011TT10200,Ashley
2011TT10201,Ajsd
2011TT10202,Ajsk
2011TT10203,Avner
2011TT10204,Vinay
2011TT10205,Akshay
2011TT10206,Sunil
2011TT10207,Vihaan
2011TT10208,Vanshikha
2011TT10209,Monika
2011TT10210,Rakhi
2011TT10211,Vasu
2011TT10212,Arunika
2011TT10213,Ishu
2011TT10214,Jai
2011TT10215,SriRam
2011TT10216,Prem
2011TT10217,Ayush
2011TT10218,Bipul
2011TT10219,Game
2011TT10220,Bipul Kumar
2011TT10221,Prakhar
2011TT10222,Deepak
2011TT10223,Udayin
2011TT10224,Momin
2011TT10225,Neha
2011TT10226,Sonam
2011TT10227,Shikha
2011TT10228,Monika
2011TT10229,Sunita
2011TT10230,Renu
2011TT10231,Manju
2011TT10232,Pankaj
2011TT10233,Ananya
2011TT10234,Vaibhav
2011TT10235,Rohit Singh
2011TT10236,Yogesh
2011TT10237,Sahil ch
2011TT10238,Sahil Singh
2011TT10239,Anushi
2011TT10240,Ankita
2011TT10241,Avnika
2011TT10242,Trisha
2011TT10243,Bhawna
2011TT10244,Shalu
2011TT10245,Kanika
2011TT10246,Vani
2011TT10247,Nandini
2011TT10248,Deepika
2011TT10249,Neha Sharma
2012TT10200,Ashley
2012TT10201,Ajsd
2012TT10202,Ajsk
2012TT10203,Avner
2012TT10204,Vinay
2012TT10205,Akshay
2012TT10206,Sunil
2012TT10207,Vihaan
2012TT10208,Vanshikha
2012TT10209,Monika
2012TT10210,Rakhi
2012TT10211,Vasu
2012TT10212,Arunika
2012TT10213,Ishu
2012TT10214,Jai
2012TT10215,SriRam
2012TT10216,Prem
2012TT10217,Ayush
2012TT10218,Bipul
2012TT10219,Game
2012TT10220,Bipul Kumar
2012TT10221,Prakhar
2012TT10222,Deepak
2012TT10223,Udayin
2012TT10224,Momin
2012TT10225,Neha
2012TT10226,Sonam
2012TT10227,Shikha
2012TT10228,Monika
2012TT10229,Sunita
2012TT10230,Renu
2012TT10231,Manju
2012TT10232,Pankaj
2012TT10233,Ananya
2012TT10234,Vaibhav
2012TT10235,Rohit Singh
2012TT10236,Yogesh
2012TT10237,Sahil ch
2012TT10238,Sahil Singh
2012TT10239,Anushi
2012TT10240,Ankita
2012TT10241,Avnika
2012TT10242,Trisha
2012TT10243,Bhawna
2012TT10244,Shalu
2012TT10245,Kanika
2012TT10246,Vani
2012TT10247,Nandini
2012TT10248,Deepika
2012TT10249,Neha Sharma
2013TT10200,Ashley
2013TT10201,Ajsd
2013TT10202,Ajsk
2013TT10203,Avner
2013TT10204,Vinay
2013TT10205,Akshay
2013TT10206,Sunil
2013TT10207,Vihaan
2013TT10208,Vanshikha
2013TT10209,Monika
2013TT10210,Rakhi
2013TT10211,Vasu
2013TT10212,Arunika
2013TT10213,Ishu
2013TT10214,Jai
2013TT10215,SriRam
2013TT10216,Prem
2013TT10217,Ayush
2013TT10218,Bipul
2013TT10219,Game
2013TT10220,Bipul Kumar
2013TT10221,Prakhar
2013TT10222,Deepak
2013TT10223,Udayin
2013TT10224,Momin
2013TT10225,Neha
2013TT10226,Sonam
2013TT10227,Shikha
2013TT10228,Monika
2013TT10229,Sunita
2013TT10230,Renu
2013TT10231,Manju
2013TT10232,Pankaj
2013TT10233,Ananya
2013TT10234,Vaibhav
2013TT10235,Rohit Singh
2013TT10236,Yogesh
2013TT10237,Sahil ch
2013TT10238,Sahil Singh
2013TT10239,Anushi
2013TT10240,Ankita
2013TT10241,Avnika
2013TT10242,Trisha
2013TT10243,Bhawna
2013TT10244,Shalu
2013TT10245,Kanika
2013TT10246,Vani
2013TT10247,Nandini
2013TT10248,Deepika
2013TT10249,Neha Sharma
2014TT10200,Ashley
2014TT10201,Ajsd
2014TT10202,Ajsk
2014TT10203,Avner
2014TT10204,Vinay
2014TT10205,Akshay
2014TT10206,Sunil
2014TT10207,Vihaan
2014TT10208,Vanshikha
2014TT10209,Monika
2014TT10210,Rakhi
2014TT10211,Vasu
2014TT10212,Arunika
2014TT10213,Ishu
2014TT10214,Jai
2014TT10215,SriRam
2014TT10216,Prem
2014TT10217,Ayush
2014TT10218,Bipul
2014TT10219,Game
2014TT10220,Bipul Kumar
2014TT10221,Prakhar
2014TT10222,Deepak
2014TT10223,Udayin
2014TT10224,Momin
2014TT10225,Neha
2014TT10226,Sonam
2014TT10227,Shikha
2014TT10228,Monika
2014TT10229,Sunita
2014TT10230,Renu
2014TT10231,Manju
2014TT10232,Pankaj
2014TT10233,Ananya
2014TT10234,Vaibhav
2014TT10235,Rohit Singh
2014TT10236,Yogesh
2014TT10237,Sahil ch
2014TT10238,Sahil Singh
2014TT10239,Anushi
2014TT10240,Ankita
2014TT10241,Avnika
2014TT10242,Trisha
2014TT10243,Bhawna
2014TT10244,Shalu
2014TT10245,Kanika
2014TT10246,Vani
2014TT10247,Nandini
2014TT10248,Deepika
2014TT10249,Neha Sharma
2015TT10200,Ashley
2015TT10201,Ajsd
2015TT10202,Ajsk
2015TT10203,Avner
2015TT10204,Vinay
2015TT10205,Akshay
2015TT10206,Sunil
2015TT10207,Vihaan
2015TT10208,Vanshikha
2015TT10209,Monika
2015TT10210,Rakhi
2015TT10211,Vasu
2015TT10212,Arunika
2015TT10213,Ishu
2015TT10214,Jai
2015TT10215,SriRam
2015TT10216,Prem
2015TT10217,Ayush
2015TT10218,Bipul
2015TT10219,Game
2015TT10220,Bipul Kumar
2015TT10221,Prakhar
2015TT10222,Deepak
2015TT10223,Udayin
2015TT10224,Momin
2015TT10225,Neha
2015TT10226,Sonam
2015TT10227,Shikha
2015TT10228,Monika
2015TT10229,Sunita
2015TT10230,Renu
2015TT10231,Manju
2015TT10232,Pankaj
2015TT10233,Ananya
2015TT10234,Vaibhav
2015TT10235,Rohit Singh
2015TT10236,Yogesh
2015TT10237,Sahil ch
2015TT10238,Sahil Singh
2015TT10239,Anushi
2015TT10240,Ankita
2015TT10241,Avnika
2015TT10242,Trisha
2015TT10243,Bhawna
2015TT10244,Shalu
2015TT10245,Kanika
2015TT10246,Vani
2015TT10247,Nandini
2015TT10248,Deepika
2015TT10249,Neha Sharma
2016TT10200,Ashley
2016TT10201,Ajsd
2016TT10202,Ajsk
2016TT10203,Avner
2016TT10204,Vinay
2016TT10205,Akshay
2016TT10206,Sunil
2016TT10207,Vihaan
2016TT10208,Vanshikha
2016TT10209,Monika
2016TT10210,Rakhi
2016TT10211,Vasu
2016TT10212,Arunika
2016TT10213,Ishu
2016TT10214,Jai
2016TT10215,SriRam
2016TT10216,Prem
2016TT10217,Ayush
2016TT10218,Bipul
2016TT10219,Game
2016TT10220,Bipul Kumar
2016TT10221,Prakhar
2016TT10222,Deepak
2016TT10223,Udayin
2016TT10224,Momin
2016TT10225,Neha
2016TT10226,Sonam
2016TT10227,Shikha
2016TT10228,Monika
2016TT10229,Sunita
2016TT10230,Renu
2016TT10231,Manju
2016TT10232,Pankaj
2016TT10233,Ananya
2016TT10234,Vaibhav
2016TT10235,Rohit Singh
2016TT10236,Yogesh
2016TT10237,Sahil ch
2016TT10238,Sahil Singh
2016TT10239,Anushi
2016TT10240,Ankita
2016TT10241,Avnika
2016TT10242,Trisha
2016TT10243,Bhawna
2016TT10244,Shalu
2016TT10245,Kanika
2016TT10246,Vani
2016TT10247,Nandini
2016TT10248,Deepika
2016TT10249,Neha Sharma
2017TT10200,Ashley
2017TT10201,Ajsd
2017TT10202,Ajsk
2017TT10203,Avner
2017TT10204,Vinay
2017TT10205,Akshay
2017TT10206,Sunil
2017TT10207,Vihaan
2017TT10208,Vanshikha
2017TT10209,Monika
2017TT10210,Rakhi
2017TT10211,Vasu
2017TT10212,Arunika
2017TT10213,Ishu
2017TT10214,Jai
2017TT10215,SriRam
2017TT10216,Prem
2017TT10217,Ayush
2017TT10218,Bipul
2017TT10219,Game
2017TT10220,Bipul Kumar
2017TT10221,Prakhar
2017TT10222,Deepak
2017TT10223,Udayin
2017TT10224,Momin
2017TT10225,Neha
2017TT10226,Sonam
2017TT10227,Shikha
2017TT10228,Monika
2017TT10229,Sunita
2017TT10230,Renu
2017TT10231,Manju
2017TT10232,Pankaj
2017TT10233,Ananya
2017TT10234,Vaibhav
2017TT10235,Rohit Singh
2017TT10236,Yogesh
2017TT10237,Sahil ch
2017TT10238,Sahil Singh
2017TT10239,Anushi
2017TT10240,Ankita
2017TT10241,Avnika
2017TT10242,Trisha
2017TT10243,Bhawna
2017TT10244,Shalu
2017TT10245,Kanika
2017TT10246,Vani
2017TT10247,Nandini
2017TT10248,Deepika
2017TT10249,Neha Sharma
2018TT10200,Ashley
2018TT10201,Ajsd
2018TT10202,Ajsk
2018TT10203,Avner
2018TT10204,Vinay
2018TT10205,Akshay
2018TT10206,Sunil
2018TT10207,Vihaan
2018TT10208,Vanshikha
2018TT10209,Monika
2018TT10210,Rakhi
2018TT10211,Vasu
2018TT10212,Arunika
2018TT10213,Ishu
2018TT10214,Jai
2018TT10215,SriRam
2018TT10216,Prem
2018TT10217,Ayush
2018TT10218,Bipul
2018TT10219,Game
2018TT10220,Bipul Kumar
2018TT10221,Prakhar
2018TT10222,Deepak
2018TT10223,Udayin
2018TT10224,Momin
2018TT10225,Neha
2018TT10226,Sonam
2018TT10227,Shikha
2018TT10228,Monika
2018TT10229,Sunita
2018TT10230,Renu
2018TT10231,Manju
2018TT10232,Pankaj
2018TT10233,Ananya
2018TT10234,Vaibhav
2018TT10235,Rohit Singh
2018TT10236,Yogesh
2018TT10237,Sahil ch
2018TT10238,Sahil Singh
2018TT10239,Anushi
2018TT10240,Ankita
2018TT10241,Avnika
2018TT10242,Trisha
2018TT10243,Bhawna
2018TT10244,Shalu
2018TT10245,Kanika
2018TT10246,Vani
2018TT10247,Nandini
2018TT10248,Deepika
2018TT10249,Neha Sharma
2019TT10200,Ashley
2019TT10201,Ajsd
2019TT10202,Ajsk
2019TT10203,Avner
2019TT10204,Vinay
2019TT10205,Akshay
2019TT10206,Sunil
2019TT10207,Vihaan
2019TT10208,Vanshikha
2019TT10209,Monika
2019TT10210,Rakhi
2019TT10211,Vasu
2019TT10212,Arunika
2019TT10213,Ishu
2019TT10214,Jai
2019TT10215,SriRam
2019TT10216,Prem
2019TT10217,Ayush
2019TT10218,Bipul
2019TT10219,Game
2019TT10220,Bipul Kumar
2019TT10221,Prakhar
2019TT10222,Deepak
2019TT10223,Udayin
2019TT10224,Momin
2019TT10225,Neha
2019TT10226,Sonam
2019TT10227,Shikha
2019TT10228,Monika
2019TT10229,Sunita
2019TT10230,Renu
2019TT10231,Manju
2019TT10232,Pankaj
2019TT10233,Ananya
2019TT10234,Vaibhav
2019TT10235,Rohit Singh
2019TT10236,Yogesh
2019TT10237,Sahil ch
2019TT10238,Sahil Singh
2019TT10239,Anushi
2019TT10240,Ankita
2019TT10241,Avnika
2019TT10242,Trisha
2019TT10243,Bhawna
2019TT10244,Shalu
2019TT10245,Kanika
2019TT10246,Vani
2019TT10247,Nandini
2019TT10248,Deepika
2019TT10249,Neha Sharma
2010BB10200,Ashley
2010BB10201,Ajsd
2010BB10202,Ajsk
2010BB10203,Avner
2010BB10204,Vinay
2010BB10205,Akshay
2010BB10206,Sunil
2010BB10207,Vihaan
2010BB10208,Vanshikha
2010BB10209,Monika
2010BB10210,Rakhi
2010BB10211,Vasu
2010BB10212,Arunika
2010BB10213,Ishu
2010BB10214,Jai
2010BB10215,SriRam
2010BB10216,Prem
2010BB10217,Ayush
2010BB10218,Bipul
2010BB10219,Game
2010BB10220,Bipul Kumar
2010BB10221,Prakhar
2010BB10222,Deepak
2010BB10223,Udayin
2010BB10224,Momin
2010BB10225,Neha
2010BB10226,Sonam
2010BB10227,Shikha
2010BB10228,Monika
2010BB10229,Sunita
2010BB10230,Renu
2010BB10231,Manju
2010BB10232,Pankaj
2010BB10233,Ananya
2010BB10234,Vaibhav
2010BB10235,Rohit Singh
2010BB10236,Yogesh
2010BB10237,Sahil ch
2010BB10238,Sahil Singh
2010BB10239,Anushi
2010BB10240,Ankita
2010BB10241,Avnika
2010BB10242,Trisha
2010BB10243,Bhawna
2010BB10244,Shalu
2010BB10245,Kanika
2010BB10246,Vani
2010BB10247,Nandini
2010BB10248,Deepika
2010BB10249,Neha Sharma
2011BB10200,Ashley
2011BB10201,Ajsd
2011BB10202,Ajsk
2011BB10203,Avner
2011BB10204,Vinay
2011BB10205,Akshay
2011BB10206,Sunil
2011BB10207,Vihaan
2011BB10208,Vanshikha
2011BB10209,Monika
2011BB10210,Rakhi
2011BB10211,Vasu
2011BB10212,Arunika
2011BB10213,Ishu
2011BB10214,Jai
2011BB10215,SriRam
2011BB10216,Prem
2011BB10217,Ayush
2011BB10218,Bipul
2011BB10219,Game
2011BB10220,Bipul Kumar
2011BB10221,Prakhar
2011BB10222,Deepak
2011BB10223,Udayin
2011BB10224,Momin
2011BB10225,Neha
2011BB10226,Sonam
2011BB10227,Shikha
2011BB10228,Monika
2011BB10229,Sunita
2011BB10230,Renu
2011BB10231,Manju
2011BB10232,Pankaj
2011BB10233,Ananya
2011BB10234,Vaibhav
2011BB10235,Rohit Singh
2011BB10236,Yogesh
2011BB10237,Sahil ch
2011BB10238,Sahil Singh
2011BB10239,Anushi
2011BB10240,Ankita
2011BB10241,Avnika
2011BB10242,Trisha
2011BB10243,Bhawna
2011BB10244,Shalu
2011BB10245,Kanika
2011BB10246,Vani
2011BB10247,Nandini
2011BB10248,Deepika
2011BB10249,Neha Sharma
2012BB10200,Ashley
2012BB10201,Ajsd
2012BB10202,Ajsk
2012BB10203,Avner
2012BB10204,Vinay
2012BB10205,Akshay
2012BB10206,Sunil
2012BB10207,Vihaan
2012BB10208,Vanshikha
2012BB10209,Monika
2012BB10210,Rakhi
2012BB10211,Vasu
2012BB10212,Arunika
2012BB10213,Ishu
2012BB10214,Jai
2012BB10215,SriRam
2012BB10216,Prem
2012BB10217,Ayush
2012BB10218,Bipul
2012BB10219,Game
2012BB10220,Bipul Kumar
2012BB10221,Prakhar
2012BB10222,Deepak
2012BB10223,Udayin
2012BB10224,Momin
2012BB10225,Neha
2012BB10226,Sonam
2012BB10227,Shikha
2012BB10228,Monika
2012BB10229,Sunita
2012BB10230,Renu
2012BB10231,Manju
2012BB10232,Pankaj
2012BB10233,Ananya
2012BB10234,Vaibhav
2012BB10235,Rohit Singh
2012BB10236,Yogesh
2012BB10237,Sahil ch
2012BB10238,Sahil Singh
2012BB10239,Anushi
2012BB10240,Ankita
2012BB10241,Avnika
2012BB10242,Trisha
2012BB10243,Bhawna
2012BB10244,Shalu
2012BB10245,Kanika
2012BB10246,Vani
2012BB10247,Nandini
2012BB10248,Deepika
2012BB10249,Neha Sharma
2013BB10200,Ashley
2013BB10201,Ajsd
2013BB10202,Ajsk
2013BB10203,Avner
2013BB10204,Vinay
2013BB10205,Akshay
2013BB10206,Sunil
2013BB10207,Vihaan
2013BB10208,Vanshikha
2013BB10209,Monika
2013BB10210,Rakhi
2013BB10211,Vasu
2013BB10212,Arunika
2013BB10213,Ishu
2013BB10214,Jai
2013BB10215,SriRam
2013BB10216,Prem
2013BB10217,Ayush
2013BB10218,Bipul
2013BB10219,Game
2013BB10220,Bipul Kumar
2013BB10221,Prakhar
2013BB10222,Deepak
2013BB10223,Udayin
2013BB10224,Momin
2013BB10225,Neha
2013BB10226,Sonam
2013BB10227,Shikha
2013BB10228,Monika
2013BB10229,Sunita
2013BB10230,Renu
2013BB10231,Manju
2013BB10232,Pankaj
2013BB10233,Ananya
2013BB10234,Vaibhav
2013BB10235,Rohit Singh
2013BB10236,Yogesh
2013BB10237,Sahil ch
2013BB10238,Sahil Singh
2013BB10239,Anushi
2013BB10240,Ankita
2013BB10241,Avnika
2013BB10242,Trisha
2013BB10243,Bhawna
2013BB10244,Shalu
2013BB10245,Kanika
2013BB10246,Vani
2013BB10247,Nandini
2013BB10248,Deepika
2013BB10249,Neha Sharma
2014BB10200,Ashley
2014BB10201,Ajsd
2014BB10202,Ajsk
2014BB10203,Avner
2014BB10204,Vinay
2014BB10205,Akshay
2014BB10206,Sunil
2014BB10207,Vihaan
2014BB10208,Vanshikha
2014BB10209,Monika
2014BB10210,Rakhi
2014BB10211,Vasu
2014BB10212,Arunika
2014BB10213,Ishu
2014BB10214,Jai
2014BB10215,SriRam
2014BB10216,Prem
2014BB10217,Ayush
2014BB10218,Bipul
2014BB10219,Game
2014BB10220,Bipul Kumar
2014BB10221,Prakhar
2014BB10222,Deepak
2014BB10223,Udayin
2014BB10224,Momin
2014BB10225,Neha
2014BB10226,Sonam
2014BB10227,Shikha
2014BB10228,Monika
2014BB10229,Sunita
2014BB10230,Renu
2014BB10231,Manju
2014BB10232,Pankaj
2014BB10233,Ananya
2014BB10234,Vaibhav
2014BB10235,Rohit Singh
2014BB10236,Yogesh
2014BB10237,Sahil ch
2014BB10238,Sahil Singh
2014BB10239,Anushi
2014BB10240,Ankita
2014BB10241,Avnika
2014BB10242,Trisha
2014BB10243,Bhawna
2014BB10244,Shalu
2014BB10245,Kanika
2014BB10246,Vani
2014BB10247,Nandini
2014BB10248,Deepika
2014BB10249,Neha Sharma
2015BB10200,Ashley
2015BB10201,Ajsd
2015BB10202,Ajsk
2015BB10203,Avner
2015BB10204,Vinay
2015BB10205,Akshay
2015BB10206,Sunil
2015BB10207,Vihaan
2015BB10208,Vanshikha
2015BB10209,Monika
2015BB10210,Rakhi
2015BB10211,Vasu
2015BB10212,Arunika
2015BB10213,Ishu
2015BB10214,Jai
2015BB10215,SriRam
2015BB10216,Prem
2015BB10217,Ayush
2015BB10218,Bipul
2015BB10219,Game
2015BB10220,Bipul Kumar
2015BB10221,Prakhar
2015BB10222,Deepak
2015BB10223,Udayin
2015BB10224,Momin
2015BB10225,Neha
2015BB10226,Sonam
2015BB10227,Shikha
2015BB10228,Monika
2015BB10229,Sunita
2015BB10230,Renu
2015BB10231,Manju
2015BB10232,Pankaj
2015BB10233,Ananya
2015BB10234,Vaibhav
2015BB10235,Rohit Singh
2015BB10236,Yogesh
2015BB10237,Sahil ch
2015BB10238,Sahil Singh
2015BB10239,Anushi
2015BB10240,Ankita
2015BB10241,Avnika
2015BB10242,Trisha
2015BB10243,Bhawna
2015BB10244,Shalu
2015BB10245,Kanika
2015BB10246,Vani
2015BB10247,Nandini
2015BB10248,Deepika
2015BB10249,Neha Sharma
2016BB10200,Ashley
2016BB10201,Ajsd
2016BB10202,Ajsk
2016BB10203,Avner
2016BB10204,Vinay
2016BB10205,Akshay
2016BB10206,Sunil
2016BB10207,Vihaan
2016BB10208,Vanshikha
2016BB10209,Monika
2016BB10210,Rakhi
2016BB10211,Vasu
2016BB10212,Arunika
2016BB10213,Ishu
2016BB10214,Jai
2016BB10215,SriRam
2016BB10216,Prem
2016BB10217,Ayush
2016BB10218,Bipul
2016BB10219,Game
2016BB10220,Bipul Kumar
2016BB10221,Prakhar
2016BB10222,Deepak
2016BB10223,Udayin
2016BB10224,Momin
2016BB10225,Neha
2016BB10226,Sonam
2016BB10227,Shikha
2016BB10228,Monika
2016BB10229,Sunita
2016BB10230,Renu
2016BB10231,Manju
2016BB10232,Pankaj
2016BB10233,Ananya
2016BB10234,Vaibhav
2016BB10235,Rohit Singh
2016BB10236,Yogesh
2016BB10237,Sahil ch
2016BB10238,Sahil Singh
2016BB10239,Anushi
2016BB10240,Ankita
2016BB10241,Avnika
2016BB10242,Trisha
2016BB10243,Bhawna
2016BB10244,Shalu
2016BB10245,Kanika
2016BB10246,Vani
2016BB10247,Nandini
2016BB10248,Deepika
2016BB10249,Neha Sharma
2017BB10200,Ashley
2017BB10201,Ajsd
2017BB10202,Ajsk
2017BB10203,Avner
2017BB10204,Vinay
2017BB10205,Akshay
2017BB10206,Sunil
2017BB10207,Vihaan
2017BB10208,Vanshikha
2017BB10209,Monika
2017BB10210,Rakhi
2017BB10211,Vasu
2017BB10212,Arunika
2017BB10213,Ishu
2017BB10214,Jai
2017BB10215,SriRam
2017BB10216,Prem
2017BB10217,Ayush
2017BB10218,Bipul
2017BB10219,Game
2017BB10220,Bipul Kumar
2017BB10221,Prakhar
2017BB10222,Deepak
2017BB10223,Udayin
2017BB10224,Momin
2017BB10225,Neha
2017BB10226,Sonam
2017BB10227,Shikha
2017BB10228,Monika
2017BB10229,Sunita
2017BB10230,Renu
2017BB10231,Manju
2017BB10232,Pankaj
2017BB10233,Ananya
2017BB10234,Vaibhav
2017BB10235,Rohit Singh
2017BB10236,Yogesh
2017BB10237,Sahil ch
2017BB10238,Sahil Singh
2017BB10239,Anushi
2017BB10240,Ankita
2017BB10241,Avnika
2017BB10242,Trisha
2017BB10243,Bhawna
2017BB10244,Shalu
2017BB10245,Kanika
2017BB10246,Vani
2017BB10247,Nandini
2017BB10248,Deepika
2017BB10249,Neha Sharma
2018BB10200,Ashley
2018BB10201,Ajsd
2018BB10202,Ajsk
2018BB10203,Avner
2018BB10204,Vinay
2018BB10205,Akshay
2018BB10206,Sunil
2018BB10207,Vihaan
2018BB10208,Vanshikha
2018BB10209,Monika
2018BB10210,Rakhi
2018BB10211,Vasu
2018BB10212,Arunika
2018BB10213,Ishu
2018BB10214,Jai
2018BB10215,SriRam
2018BB10216,Prem
2018BB10217,Ayush
2018BB10218,Bipul
2018BB10219,Game
2018BB10220,Bipul Kumar
2018BB10221,Prakhar
2018BB10222,Deepak
2018BB10223,Udayin
2018BB10224,Momin
2018BB10225,Neha
2018BB10226,Sonam
2018BB10227,Shikha
2018BB10228,Monika
2018BB10229,Sunita
2018BB10230,Renu
2018BB10231,Manju
2018BB10232,Pankaj
2018BB10233,Ananya
2018BB10234,Vaibhav
2018BB10235,Rohit Singh
2018BB10236,Yogesh
2018BB10237,Sahil ch
2018BB10238,Sahil Singh
2018BB10239,Anushi
2018BB10240,Ankita
2018BB10241,Avnika
2018BB10242,Trisha
2018BB10243,Bhawna
2018BB10244,Shalu
2018BB10245,Kanika
2018BB10246,Vani
2018BB10247,Nandini
2018BB10248,Deepika
2018BB10249,Neha Sharma
2019BB10200,Ashley
2019BB10201,Ajsd
2019BB10202,Ajsk
2019BB10203,Avner
2019BB10204,Vinay
2019BB10205,Akshay
2019BB10206,Sunil
2019BB10207,Vihaan
2019BB10208,Vanshikha
2019BB10209,Monika
2019BB10210,Rakhi
2019BB10211,Vasu
2019BB10212,Arunika
2019BB10213,Ishu
2019BB10214,Jai
2019BB10215,SriRam
2019BB10216,Prem
2019BB10217,Ayush
2019BB10218,Bipul
2019BB10219,Game
2019BB10220,Bipul Kumar
2019BB10221,Prakhar
2019BB10222,Deepak
2019BB10223,Udayin
2019BB10224,Momin
2019BB10225,Neha
2019BB10226,Sonam
2019BB10227,Shikha
2019BB10228,Monika
2019BB10229,Sunita
2019BB10230,Renu
2019BB10231,Manju
2019BB10232,Pankaj
2019BB10233,Ananya
2019BB10234,Vaibhav
2019BB10235,Rohit Singh
2019BB10236,Yogesh
2019BB10237,Sahil ch
2019BB10238,Sahil Singh
2019BB10239,Anushi
2019BB10240,Ankita
2019BB10241,Avnika
2019BB10242,Trisha
2019BB10243,Bhawna
2019BB10244,Shalu
2019BB10245,Kanika
2019BB10246,Vani
2019BB10247,Nandini
2019BB10248,Deepika
2019BB10249,Neha Sharma
2010ME10200,Ashley
2010ME10201,Ajsd
2010ME10202,Ajsk
2010ME10203,Avner
2010ME10204,Vinay
2010ME10205,Akshay
2010ME10206,Sunil
2010ME10207,Vihaan
2010ME10208,Vanshikha
2010ME10209,Monika
2010ME10210,Rakhi
2010ME10211,Vasu
2010ME10212,Arunika
2010ME10213,Ishu
2010ME10214,Jai
2010ME10215,SriRam
2010ME10216,Prem
2010ME10217,Ayush
2010ME10218,Bipul
2010ME10219,Game
2010ME10220,Bipul Kumar
2010ME10221,Prakhar
2010ME10222,Deepak
2010ME10223,Udayin
2010ME10224,Momin
2010ME10225,Neha
2010ME10226,Sonam
2010ME10227,Shikha
2010ME10228,Monika
2010ME10229,Sunita
2010ME10230,Renu
2010ME10231,Manju
2010ME10232,Pankaj
2010ME10233,Ananya
2010ME10234,Vaibhav
2010ME10235,Rohit Singh
2010ME10236,Yogesh
2010ME10237,Sahil ch
2010ME10238,Sahil Singh
2010ME10239,Anushi
2010ME10240,Ankita
2010ME10241,Avnika
2010ME10242,Trisha
2010ME10243,Bhawna
2010ME10244,Shalu
2010ME10245,Kanika
2010ME10246,Vani
2010ME10247,Nandini
2010ME10248,Deepika
2010ME10249,Neha Sharma
2011ME10200,Ashley
2011ME10201,Ajsd
2011ME10202,Ajsk
2011ME10203,Avner
2011ME10204,Vinay
2011ME10205,Akshay
2011ME10206,Sunil
2011ME10207,Vihaan
2011ME10208,Vanshikha
2011ME10209,Monika
2011ME10210,Rakhi
2011ME10211,Vasu
2011ME10212,Arunika
2011ME10213,Ishu
2011ME10214,Jai
2011ME10215,SriRam
2011ME10216,Prem
2011ME10217,Ayush
2011ME10218,Bipul
2011ME10219,Game
2011ME10220,Bipul Kumar
2011ME10221,Prakhar
2011ME10222,Deepak
2011ME10223,Udayin
2011ME10224,Momin
2011ME10225,Neha
2011ME10226,Sonam
2011ME10227,Shikha
2011ME10228,Monika
2011ME10229,Sunita
2011ME10230,Renu
2011ME10231,Manju
2011ME10232,Pankaj
2011ME10233,Ananya
2011ME10234,Vaibhav
2011ME10235,Rohit Singh
2011ME10236,Yogesh
2011ME10237,Sahil ch
2011ME10238,Sahil Singh
2011ME10239,Anushi
2011ME10240,Ankita
2011ME10241,Avnika
2011ME10242,Trisha
2011ME10243,Bhawna
2011ME10244,Shalu
2011ME10245,Kanika
2011ME10246,Vani
2011ME10247,Nandini
2011ME10248,Deepika
2011ME10249,Neha Sharma
2012ME10200,Ashley
2012ME10201,Ajsd
2012ME10202,Ajsk
2012ME10203,Avner
2012ME10204,Vinay
2012ME10205,Akshay
2012ME10206,Sunil
2012ME10207,Vihaan
2012ME10208,Vanshikha
2012ME10209,Monika
2012ME10210,Rakhi
2012ME10211,Vasu
2012ME10212,Arunika
2012ME10213,Ishu
2012ME10214,Jai
2012ME10215,SriRam
2012ME10216,Prem
2012ME10217,Ayush
2012ME10218,Bipul
2012ME10219,Game
2012ME10220,Bipul Kumar
2012ME10221,Prakhar
2012ME10222,Deepak
2012ME10223,Udayin
2012ME10224,Momin
2012ME10225,Neha
2012ME10226,Sonam
2012ME10227,Shikha
2012ME10228,Monika
2012ME10229,Sunita
2012ME10230,Renu
2012ME10231,Manju
2012ME10232,Pankaj
2012ME10233,Ananya
2012ME10234,Vaibhav
2012ME10235,Rohit Singh
2012ME10236,Yogesh
2012ME10237,Sahil ch
2012ME10238,Sahil Singh
2012ME10239,Anushi
2012ME10240,Ankita
2012ME10241,Avnika
2012ME10242,Trisha
2012ME10243,Bhawna
2012ME10244,Shalu
2012ME10245,Kanika
2012ME10246,Vani
2012ME10247,Nandini
2012ME10248,Deepika
2012ME10249,Neha Sharma
2013ME10200,Ashley
2013ME10201,Ajsd
2013ME10202,Ajsk
2013ME10203,Avner
2013ME10204,Vinay
2013ME10205,Akshay
2013ME10206,Sunil
2013ME10207,Vihaan
2013ME10208,Vanshikha
2013ME10209,Monika
2013ME10210,Rakhi
2013ME10211,Vasu
2013ME10212,Arunika
2013ME10213,Ishu
2013ME10214,Jai
2013ME10215,SriRam
2013ME10216,Prem
2013ME10217,Ayush
2013ME10218,Bipul
2013ME10219,Game
2013ME10220,Bipul Kumar
2013ME10221,Prakhar
2013ME10222,Deepak
2013ME10223,Udayin
2013ME10224,Momin
2013ME10225,Neha
2013ME10226,Sonam
2013ME10227,Shikha
2013ME10228,Monika
2013ME10229,Sunita
2013ME10230,Renu
2013ME10231,Manju
2013ME10232,Pankaj
2013ME10233,Ananya
2013ME10234,Vaibhav
2013ME10235,Rohit Singh
2013ME10236,Yogesh
2013ME10237,Sahil ch
2013ME10238,Sahil Singh
2013ME10239,Anushi
2013ME10240,Ankita
2013ME10241,Avnika
2013ME10242,Trisha
2013ME10243,Bhawna
2013ME10244,Shalu
2013ME10245,Kanika
2013ME10246,Vani
2013ME10247,Nandini
2013ME10248,Deepika
2013ME10249,Neha Sharma
2014ME10200,Ashley
2014ME10201,Ajsd
2014ME10202,Ajsk
2014ME10203,Avner
2014ME10204,Vinay
2014ME10205,Akshay
2014ME10206,Sunil
2014ME10207,Vihaan
2014ME10208,Vanshikha
2014ME10209,Monika
2014ME10210,Rakhi
2014ME10211,Vasu
2014ME10212,Arunika
2014ME10213,Ishu
2014ME10214,Jai
2014ME10215,SriRam
2014ME10216,Prem
2014ME10217,Ayush
2014ME10218,Bipul
2014ME10219,Game
2014ME10220,Bipul Kumar
2014ME10221,Prakhar
2014ME10222,Deepak
2014ME10223,Udayin
2014ME10224,Momin
2014ME10225,Neha
2014ME10226,Sonam
2014ME10227,Shikha
2014ME10228,Monika
2014ME10229,Sunita
2014ME10230,Renu
2014ME10231,Manju
2014ME10232,Pankaj
2014ME10233,Ananya
2014ME10234,Vaibhav
2014ME10235,Rohit Singh
2014ME10236,Yogesh
2014ME10237,Sahil ch
2014ME10238,Sahil Singh
2014ME10239,Anushi
2014ME10240,Ankita
2014ME10241,Avnika
2014ME10242,Trisha
2014ME10243,Bhawna
2014ME10244,Shalu
2014ME10245,Kanika
2014ME10246,Vani
2014ME10247,Nandini
2014ME10248,Deepika
2014ME10249,Neha Sharma
2015ME10200,Ashley
2015ME10201,Ajsd
2015ME10202,Ajsk
2015ME10203,Avner
2015ME10204,Vinay
2015ME10205,Akshay
2015ME10206,Sunil
2015ME10207,Vihaan
2015ME10208,Vanshikha
2015ME10209,Monika
2015ME10210,Rakhi
2015ME10211,Vasu
2015ME10212,Arunika
2015ME10213,Ishu
2015ME10214,Jai
2015ME10215,SriRam
2015ME10216,Prem
2015ME10217,Ayush
2015ME10218,Bipul
2015ME10219,Game
2015ME10220,Bipul Kumar
2015ME10221,Prakhar
2015ME10222,Deepak
2015ME10223,Udayin
2015ME10224,Momin
2015ME10225,Neha
2015ME10226,Sonam
2015ME10227,Shikha
2015ME10228,Monika
2015ME10229,Sunita
2015ME10230,Renu
2015ME10231,Manju
2015ME10232,Pankaj
2015ME10233,Ananya
2015ME10234,Vaibhav
2015ME10235,Rohit Singh
2015ME10236,Yogesh
2015ME10237,Sahil ch
2015ME10238,Sahil Singh
2015ME10239,Anushi
2015ME10240,Ankita
2015ME10241,Avnika
2015ME10242,Trisha
2015ME10243,Bhawna
2015ME10244,Shalu
2015ME10245,Kanika
2015ME10246,Vani
2015ME10247,Nandini
2015ME10248,Deepika
2015ME10249,Neha Sharma
2016ME10200,Ashley
2016ME10201,Ajsd
2016ME10202,Ajsk
2016ME10203,Avner
2016ME10204,Vinay
2016ME10205,Akshay
2016ME10206,Sunil
2016ME10207,Vihaan
2016ME10208,Vanshikha
2016ME10209,Monika
2016ME10210,Rakhi
2016ME10211,Vasu
2016ME10212,Arunika
2016ME10213,Ishu
2016ME10214,Jai
2016ME10215,SriRam
2016ME10216,Prem
2016ME10217,Ayush
2016ME10218,Bipul
2016ME10219,Game
2016ME10220,Bipul Kumar
2016ME10221,Prakhar
2016ME10222,Deepak
2016ME10223,Udayin
2016ME10224,Momin
2016ME10225,Neha
2016ME10226,Sonam
2016ME10227,Shikha
2016ME10228,Monika
2016ME10229,Sunita
2016ME10230,Renu
2016ME10231,Manju
2016ME10232,Pankaj
2016ME10233,Ananya
2016ME10234,Vaibhav
2016ME10235,Rohit Singh
2016ME10236,Yogesh
2016ME10237,Sahil ch
2016ME10238,Sahil Singh
2016ME10239,Anushi
2016ME10240,Ankita
2016ME10241,Avnika
2016ME10242,Trisha
2016ME10243,Bhawna
2016ME10244,Shalu
2016ME10245,Kanika
2016ME10246,Vani
2016ME10247,Nandini
2016ME10248,Deepika
2016ME10249,Neha Sharma
2017ME10200,Ashley
2017ME10201,Ajsd
2017ME10202,Ajsk
2017ME10203,Avner
2017ME10204,Vinay
2017ME10205,Akshay
2017ME10206,Sunil
2017ME10207,Vihaan
2017ME10208,Vanshikha
2017ME10209,Monika
2017ME10210,Rakhi
2017ME10211,Vasu
2017ME10212,Arunika
2017ME10213,Ishu
2017ME10214,Jai
2017ME10215,SriRam
2017ME10216,Prem
2017ME10217,Ayush
2017ME10218,Bipul
2017ME10219,Game
2017ME10220,Bipul Kumar
2017ME10221,Prakhar
2017ME10222,Deepak
2017ME10223,Udayin
2017ME10224,Momin
2017ME10225,Neha
2017ME10226,Sonam
2017ME10227,Shikha
2017ME10228,Monika
2017ME10229,Sunita
2017ME10230,Renu
2017ME10231,Manju
2017ME10232,Pankaj
2017ME10233,Ananya
2017ME10234,Vaibhav
2017ME10235,Rohit Singh
2017ME10236,Yogesh
2017ME10237,Sahil ch
2017ME10238,Sahil Singh
2017ME10239,Anushi
2017ME10240,Ankita
2017ME10241,Avnika
2017ME10242,Trisha
2017ME10243,Bhawna
2017ME10244,Shalu
2017ME10245,Kanika
2017ME10246,Vani
2017ME10247,Nandini
2017ME10248,Deepika
2017ME10249,Neha Sharma
2018ME10200,Ashley
2018ME10201,Ajsd
2018ME10202,Ajsk
2018ME10203,Avner
2018ME10204,Vinay
2018ME10205,Akshay
2018ME10206,Sunil
2018ME10207,Vihaan
2018ME10208,Vanshikha
2018ME10209,Monika
2018ME10210,Rakhi
2018ME10211,Vasu
2018ME10212,Arunika
2018ME10213,Ishu
2018ME10214,Jai
2018ME10215,SriRam
2018ME10216,Prem
2018ME10217,Ayush
2018ME10218,Bipul
2018ME10219,Game
2018ME10220,Bipul Kumar
2018ME10221,Prakhar
2018ME10222,Deepak
2018ME10223,Udayin
2018ME10224,Momin
2018ME10225,Neha
2018ME10226,Sonam
2018ME10227,Shikha
2018ME10228,Monika
2018ME10229,Sunita
2018ME10230,Renu
2018ME10231,Manju
2018ME10232,Pankaj
2018ME10233,Ananya
2018ME10234,Vaibhav
2018ME10235,Rohit Singh
2018ME10236,Yogesh
2018ME10237,Sahil ch
2018ME10238,Sahil Singh
2018ME10239,Anushi
2018ME10240,Ankita
2018ME10241,Avnika
2018ME10242,Trisha
2018ME10243,Bhawna
2018ME10244,Shalu
2018ME10245,Kanika
2018ME10246,Vani
2018ME10247,Nandini
2018ME10248,Deepika
2018ME10249,Neha Sharma
2019ME10200,Ashley
2019ME10201,Ajsd
2019ME10202,Ajsk
2019ME10203,Avner
2019ME10204,Vinay
2019ME10205,Akshay
2019ME10206,Sunil
2019ME10207,Vihaan
2019ME10208,Vanshikha
2019ME10209,Monika
2019ME10210,Rakhi
2019ME10211,Vasu
2019ME10212,Arunika
2019ME10213,Ishu
2019ME10214,Jai
2019ME10215,SriRam
2019ME10216,Prem
2019ME10217,Ayush
2019ME10218,Bipul
2019ME10219,Game
2019ME10220,Bipul Kumar
2019ME10221,Prakhar
2019ME10222,Deepak
2019ME10223,Udayin
2019ME10224,Momin
2019ME10225,Neha
2019ME10226,Sonam
2019ME10227,Shikha
2019ME10228,Monika
2019ME10229,Sunita
2019ME10230,Renu
2019ME10231,Manju
2019ME10232,Pankaj
2019ME10233,Ananya
2019ME10234,Vaibhav
2019ME10235,Rohit Singh
2019ME10236,Yogesh
2019ME10237,Sahil ch
2019ME10238,Sahil Singh
2019ME10239,Anushi
2019ME10240,Ankita
2019ME10241,Avnika
2019ME10242,Trisha
2019ME10243,Bhawna
2019ME10244,Shalu
2019ME10245,Kanika
2019ME10246,Vani
2019ME10247,Nandini
2019ME10248,Deepika
2019ME10249,Neha Sharma
2010EE30200,Ashley
2010EE30201,Ajsd
2010EE30202,Ajsk
2010EE30203,Avner
2010EE30204,Vinay
2010EE30205,Akshay
2010EE30206,Sunil
2010EE30207,Vihaan
2010EE30208,Vanshikha
2010EE30209,Monika
2010EE30210,Rakhi
2010EE30211,Vasu
2010EE30212,Arunika
2010EE30213,Ishu
2010EE30214,Jai
2010EE30215,SriRam
2010EE30216,Prem
2010EE30217,Ayush
2010EE30218,Bipul
2010EE30219,Game
2010EE30220,Bipul Kumar
2010EE30221,Prakhar
2010EE30222,Deepak
2010EE30223,Udayin
2010EE30224,Momin
2010EE30225,Neha
2010EE30226,Sonam
2010EE30227,Shikha
2010EE30228,Monika
2010EE30229,Sunita
2010EE30230,Renu
2010EE30231,Manju
2010EE30232,Pankaj
2010EE30233,Ananya
2010EE30234,Vaibhav
2010EE30235,Rohit Singh
2010EE30236,Yogesh
2010EE30237,Sahil ch
2010EE30238,Sahil Singh
2010EE30239,Anushi
2010EE30240,Ankita
2010EE30241,Avnika
2010EE30242,Trisha
2010EE30243,Bhawna
2010EE30244,Shalu
2010EE30245,Kanika
2010EE30246,Vani
2010EE30247,Nandini
2010EE30248,Deepika
2010EE30249,Neha Sharma
2011EE30200,Ashley
2011EE30201,Ajsd
2011EE30202,Ajsk
2011EE30203,Avner
2011EE30204,Vinay
2011EE30205,Akshay
2011EE30206,Sunil
2011EE30207,Vihaan
2011EE30208,Vanshikha
2011EE30209,Monika
2011EE30210,Rakhi
2011EE30211,Vasu
2011EE30212,Arunika
2011EE30213,Ishu
2011EE30214,Jai
2011EE30215,SriRam
2011EE30216,Prem
2011EE30217,Ayush
2011EE30218,Bipul
2011EE30219,Game
2011EE30220,Bipul Kumar
2011EE30221,Prakhar
2011EE30222,Deepak
2011EE30223,Udayin
2011EE30224,Momin
2011EE30225,Neha
2011EE30226,Sonam
2011EE30227,Shikha
2011EE30228,Monika
2011EE30229,Sunita
2011EE30230,Renu
2011EE30231,Manju
2011EE30232,Pankaj
2011EE30233,Ananya
2011EE30234,Vaibhav
2011EE30235,Rohit Singh
2011EE30236,Yogesh
2011EE30237,Sahil ch
2011EE30238,Sahil Singh
2011EE30239,Anushi
2011EE30240,Ankita
2011EE30241,Avnika
2011EE30242,Trisha
2011EE30243,Bhawna
2011EE30244,Shalu
2011EE30245,Kanika
2011EE30246,Vani
2011EE30247,Nandini
2011EE30248,Deepika
2011EE30249,Neha Sharma
2012EE30200,Ashley
2012EE30201,Ajsd
2012EE30202,Ajsk
2012EE30203,Avner
2012EE30204,Vinay
2012EE30205,Akshay
2012EE30206,Sunil
2012EE30207,Vihaan
2012EE30208,Vanshikha
2012EE30209,Monika
2012EE30210,Rakhi
2012EE30211,Vasu
2012EE30212,Arunika
2012EE30213,Ishu
2012EE30214,Jai
2012EE30215,SriRam
2012EE30216,Prem
2012EE30217,Ayush
2012EE30218,Bipul
2012EE30219,Game
2012EE30220,Bipul Kumar
2012EE30221,Prakhar
2012EE30222,Deepak
2012EE30223,Udayin
2012EE30224,Momin
2012EE30225,Neha
2012EE30226,Sonam
2012EE30227,Shikha
2012EE30228,Monika
2012EE30229,Sunita
2012EE30230,Renu
2012EE30231,Manju
2012EE30232,Pankaj
2012EE30233,Ananya
2012EE30234,Vaibhav
2012EE30235,Rohit Singh
2012EE30236,Yogesh
2012EE30237,Sahil ch
2012EE30238,Sahil Singh
2012EE30239,Anushi
2012EE30240,Ankita
2012EE30241,Avnika
2012EE30242,Trisha
2012EE30243,Bhawna
2012EE30244,Shalu
2012EE30245,Kanika
2012EE30246,Vani
2012EE30247,Nandini
2012EE30248,Deepika
2012EE30249,Neha Sharma
2013EE30200,Ashley
2013EE30201,Ajsd
2013EE30202,Ajsk
2013EE30203,Avner
2013EE30204,Vinay
2013EE30205,Akshay
2013EE30206,Sunil
2013EE30207,Vihaan
2013EE30208,Vanshikha
2013EE30209,Monika
2013EE30210,Rakhi
2013EE30211,Vasu
2013EE30212,Arunika
2013EE30213,Ishu
2013EE30214,Jai
2013EE30215,SriRam
2013EE30216,Prem
2013EE30217,Ayush
2013EE30218,Bipul
2013EE30219,Game
2013EE30220,Bipul Kumar
2013EE30221,Prakhar
2013EE30222,Deepak
2013EE30223,Udayin
2013EE30224,Momin
2013EE30225,Neha
2013EE30226,Sonam
2013EE30227,Shikha
2013EE30228,Monika
2013EE30229,Sunita
2013EE30230,Renu
2013EE30231,Manju
2013EE30232,Pankaj
2013EE30233,Ananya
2013EE30234,Vaibhav
2013EE30235,Rohit Singh
2013EE30236,Yogesh
2013EE30237,Sahil ch
2013EE30238,Sahil Singh
2013EE30239,Anushi
2013EE30240,Ankita
2013EE30241,Avnika
2013EE30242,Trisha
2013EE30243,Bhawna
2013EE30244,Shalu
2013EE30245,Kanika
2013EE30246,Vani
2013EE30247,Nandini
2013EE30248,Deepika
2013EE30249,Neha Sharma
2014EE30200,Ashley
2014EE30201,Ajsd
2014EE30202,Ajsk
2014EE30203,Avner
2014EE30204,Vinay
2014EE30205,Akshay
2014EE30206,Sunil
2014EE30207,Vihaan
2014EE30208,Vanshikha
2014EE30209,Monika
2014EE30210,Rakhi
2014EE30211,Vasu
2014EE30212,Arunika
2014EE30213,Ishu
2014EE30214,Jai
2014EE30215,SriRam
2014EE30216,Prem
2014EE30217,Ayush
2014EE30218,Bipul
2014EE30219,Game
2014EE30220,Bipul Kumar
2014EE30221,Prakhar
2014EE30222,Deepak
2014EE30223,Udayin
2014EE30224,Momin
2014EE30225,Neha
2014EE30226,Sonam
2014EE30227,Shikha
2014EE30228,Monika
2014EE30229,Sunita
2014EE30230,Renu
2014EE30231,Manju
2014EE30232,Pankaj
2014EE30233,Ananya
2014EE30234,Vaibhav
2014EE30235,Rohit Singh
2014EE30236,Yogesh
2014EE30237,Sahil ch
2014EE30238,Sahil Singh
2014EE30239,Anushi
2014EE30240,Ankita
2014EE30241,Avnika
2014EE30242,Trisha
2014EE30243,Bhawna
2014EE30244,Shalu
2014EE30245,Kanika
2014EE30246,Vani
2014EE30247,Nandini
2014EE30248,Deepika
2014EE30249,Neha Sharma
2015EE30200,Ashley
2015EE30201,Ajsd
2015EE30202,Ajsk
2015EE30203,Avner
2015EE30204,Vinay
2015EE30205,Akshay
2015EE30206,Sunil
2015EE30207,Vihaan
2015EE30208,Vanshikha
2015EE30209,Monika
2015EE30210,Rakhi
2015EE30211,Vasu
2015EE30212,Arunika
2015EE30213,Ishu
2015EE30214,Jai
2015EE30215,SriRam
2015EE30216,Prem
2015EE30217,Ayush
2015EE30218,Bipul
2015EE30219,Game
2015EE30220,Bipul Kumar
2015EE30221,Prakhar
2015EE30222,Deepak
2015EE30223,Udayin
2015EE30224,Momin
2015EE30225,Neha
2015EE30226,Sonam
2015EE30227,Shikha
2015EE30228,Monika
2015EE30229,Sunita
2015EE30230,Renu
2015EE30231,Manju
2015EE30232,Pankaj
2015EE30233,Ananya
2015EE30234,Vaibhav
2015EE30235,Rohit Singh
2015EE30236,Yogesh
2015EE30237,Sahil ch
2015EE30238,Sahil Singh
2015EE30239,Anushi
2015EE30240,Ankita
2015EE30241,Avnika
2015EE30242,Trisha
2015EE30243,Bhawna
2015EE30244,Shalu
2015EE30245,Kanika
2015EE30246,Vani
2015EE30247,Nandini
2015EE30248,Deepika
2015EE30249,Neha Sharma
2016EE30200,Ashley
2016EE30201,Ajsd
2016EE30202,Ajsk
2016EE30203,Avner
2016EE30204,Vinay
2016EE30205,Akshay
2016EE30206,Sunil
2016EE30207,Vihaan
2016EE30208,Vanshikha
2016EE30209,Monika
2016EE30210,Rakhi
2016EE30211,Vasu
2016EE30212,Arunika
2016EE30213,Ishu
2016EE30214,Jai
2016EE30215,SriRam
2016EE30216,Prem
2016EE30217,Ayush
2016EE30218,Bipul
2016EE30219,Game
2016EE30220,Bipul Kumar
2016EE30221,Prakhar
2016EE30222,Deepak
2016EE30223,Udayin
2016EE30224,Momin
2016EE30225,Neha
2016EE30226,Sonam
2016EE30227,Shikha
2016EE30228,Monika
2016EE30229,Sunita
2016EE30230,Renu
2016EE30231,Manju
2016EE30232,Pankaj
2016EE30233,Ananya
2016EE30234,Vaibhav
2016EE30235,Rohit Singh
2016EE30236,Yogesh
2016EE30237,Sahil ch
2016EE30238,Sahil Singh
2016EE30239,Anushi
2016EE30240,Ankita
2016EE30241,Avnika
2016EE30242,Trisha
2016EE30243,Bhawna
2016EE30244,Shalu
2016EE30245,Kanika
2016EE30246,Vani
2016EE30247,Nandini
2016EE30248,Deepika
2016EE30249,Neha Sharma
2017EE30200,Ashley
2017EE30201,Ajsd
2017EE30202,Ajsk
2017EE30203,Avner
2017EE30204,Vinay
2017EE30205,Akshay
2017EE30206,Sunil
2017EE30207,Vihaan
2017EE30208,Vanshikha
2017EE30209,Monika
2017EE30210,Rakhi
2017EE30211,Vasu
2017EE30212,Arunika
2017EE30213,Ishu
2017EE30214,Jai
2017EE30215,SriRam
2017EE30216,Prem
2017EE30217,Ayush
2017EE30218,Bipul
2017EE30219,Game
2017EE30220,Bipul Kumar
2017EE30221,Prakhar
2017EE30222,Deepak
2017EE30223,Udayin
2017EE30224,Momin
2017EE30225,Neha
2017EE30226,Sonam
2017EE30227,Shikha
2017EE30228,Monika
2017EE30229,Sunita
2017EE30230,Renu
2017EE30231,Manju
2017EE30232,Pankaj
2017EE30233,Ananya
2017EE30234,Vaibhav
2017EE30235,Rohit Singh
2017EE30236,Yogesh
2017EE30237,Sahil ch
2017EE30238,Sahil Singh
2017EE30239,Anushi
2017EE30240,Ankita
2017EE30241,Avnika
2017EE30242,Trisha
2017EE30243,Bhawna
2017EE30244,Shalu
2017EE30245,Kanika
2017EE30246,Vani
2017EE30247,Nandini
2017EE30248,Deepika
2017EE30249,Neha Sharma
2018EE30200,Ashley
2018EE30201,Ajsd
2018EE30202,Ajsk
2018EE30203,Avner
2018EE30204,Vinay
2018EE30205,Akshay
2018EE30206,Sunil
2018EE30207,Vihaan
2018EE30208,Vanshikha
2018EE30209,Monika
2018EE30210,Rakhi
2018EE30211,Vasu
2018EE30212,Arunika
2018EE30213,Ishu
2018EE30214,Jai
2018EE30215,SriRam
2018EE30216,Prem
2018EE30217,Ayush
2018EE30218,Bipul
2018EE30219,Game
2018EE30220,Bipul Kumar
2018EE30221,Prakhar
2018EE30222,Deepak
2018EE30223,Udayin
2018EE30224,Momin
2018EE30225,Neha
2018EE30226,Sonam
2018EE30227,Shikha
2018EE30228,Monika
2018EE30229,Sunita
2018EE30230,Renu
2018EE30231,Manju
2018EE30232,Pankaj
2018EE30233,Ananya
2018EE30234,Vaibhav
2018EE30235,Rohit Singh
2018EE30236,Yogesh
2018EE30237,Sahil ch
2018EE30238,Sahil Singh
2018EE30239,Anushi
2018EE30240,Ankita
2018EE30241,Avnika
2018EE30242,Trisha
2018EE30243,Bhawna
2018EE30244,Shalu
2018EE30245,Kanika
2018EE30246,Vani
2018EE30247,Nandini
2018EE30248,Deepika
2018EE30249,Neha Sharma
2019EE30200,Ashley
2019EE30201,Ajsd
2019EE30202,Ajsk
2019EE30203,Avner
2019EE30204,Vinay
2019EE30205,Akshay
2019EE30206,Sunil
2019EE30207,Vihaan
2019EE30208,Vanshikha
2019EE30209,Monika
2019EE30210,Rakhi
2019EE30211,Vasu
2019EE30212,Arunika
2019EE30213,Ishu
2019EE30214,Jai
2019EE30215,SriRam
2019EE30216,Prem
2019EE30217,Ayush
2019EE30218,Bipul
2019EE30219,Game
2019EE30220,Bipul Kumar
2019EE30221,Prakhar
2019EE30222,Deepak
2019EE30223,Udayin
2019EE30224,Momin
2019EE30225,Neha
2019EE30226,Sonam
2019EE30227,Shikha
2019EE30228,Monika
2019EE30229,Sunita
2019EE30230,Renu
2019EE30231,Manju
2019EE30232,Pankaj
2019EE30233,Ananya
2019EE30234,Vaibhav
2019EE30235,Rohit Singh
2019EE30236,Yogesh
2019EE30237,Sahil ch
2019EE30238,Sahil Singh
2019EE30239,Anushi
2019EE30240,Ankita
2019EE30241,Avnika
2019EE30242,Trisha
2019EE30243,Bhawna
2019EE30244,Shalu
2019EE30245,Kanika
2019EE30246,Vani
2019EE30247,Nandini
2019EE30248,Deepika
2019EE30249,Neha Sharma
2010AS10200,Ashley
2010AS10201,Ajsd
2010AS10202,Ajsk
2010AS10203,Avner
2010AS10204,Vinay
2010AS10205,Akshay
2010AS10206,Sunil
2010AS10207,Vihaan
2010AS10208,Vanshikha
2010AS10209,Monika
2010AS10210,Rakhi
2010AS10211,Vasu
2010AS10212,Arunika
2010AS10213,Ishu
2010AS10214,Jai
2010AS10215,SriRam
2010AS10216,Prem
2010AS10217,Ayush
2010AS10218,Bipul
2010AS10219,Game
2010AS10220,Bipul Kumar
2010AS10221,Prakhar
2010AS10222,Deepak
2010AS10223,Udayin
2010AS10224,Momin
2010AS10225,Neha
2010AS10226,Sonam
2010AS10227,Shikha
2010AS10228,Monika
2010AS10229,Sunita
2010AS10230,Renu
2010AS10231,Manju
2010AS10232,Pankaj
2010AS10233,Ananya
2010AS10234,Vaibhav
2010AS10235,Rohit Singh
2010AS10236,Yogesh
2010AS10237,Sahil ch
2010AS10238,Sahil Singh
2010AS10239,Anushi
2010AS10240,Ankita
2010AS10241,Avnika
2010AS10242,Trisha
2010AS10243,Bhawna
2010AS10244,Shalu
2010AS10245,Kanika
2010AS10246,Vani
2010AS10247,Nandini
2010AS10248,Deepika
2010AS10249,Neha Sharma
2011AS10200,Ashley
2011AS10201,Ajsd
2011AS10202,Ajsk
2011AS10203,Avner
2011AS10204,Vinay
2011AS10205,Akshay
2011AS10206,Sunil
2011AS10207,Vihaan
2011AS10208,Vanshikha
2011AS10209,Monika
2011AS10210,Rakhi
2011AS10211,Vasu
2011AS10212,Arunika
2011AS10213,Ishu
2011AS10214,Jai
2011AS10215,SriRam
2011AS10216,Prem
2011AS10217,Ayush
2011AS10218,Bipul
2011AS10219,Game
2011AS10220,Bipul Kumar
2011AS10221,Prakhar
2011AS10222,Deepak
2011AS10223,Udayin
2011AS10224,Momin
2011AS10225,Neha
2011AS10226,Sonam
2011AS10227,Shikha
2011AS10228,Monika
2011AS10229,Sunita
2011AS10230,Renu
2011AS10231,Manju
2011AS10232,Pankaj
2011AS10233,Ananya
2011AS10234,Vaibhav
2011AS10235,Rohit Singh
2011AS10236,Yogesh
2011AS10237,Sahil ch
2011AS10238,Sahil Singh
2011AS10239,Anushi
2011AS10240,Ankita
2011AS10241,Avnika
2011AS10242,Trisha
2011AS10243,Bhawna
2011AS10244,Shalu
2011AS10245,Kanika
2011AS10246,Vani
2011AS10247,Nandini
2011AS10248,Deepika
2011AS10249,Neha Sharma
2012AS10200,Ashley
2012AS10201,Ajsd
2012AS10202,Ajsk
2012AS10203,Avner
2012AS10204,Vinay
2012AS10205,Akshay
2012AS10206,Sunil
2012AS10207,Vihaan
2012AS10208,Vanshikha
2012AS10209,Monika
2012AS10210,Rakhi
2012AS10211,Vasu
2012AS10212,Arunika
2012AS10213,Ishu
2012AS10214,Jai
2012AS10215,SriRam
2012AS10216,Prem
2012AS10217,Ayush
2012AS10218,Bipul
2012AS10219,Game
2012AS10220,Bipul Kumar
2012AS10221,Prakhar
2012AS10222,Deepak
2012AS10223,Udayin
2012AS10224,Momin
2012AS10225,Neha
2012AS10226,Sonam
2012AS10227,Shikha
2012AS10228,Monika
2012AS10229,Sunita
2012AS10230,Renu
2012AS10231,Manju
2012AS10232,Pankaj
2012AS10233,Ananya
2012AS10234,Vaibhav
2012AS10235,Rohit Singh
2012AS10236,Yogesh
2012AS10237,Sahil ch
2012AS10238,Sahil Singh
2012AS10239,Anushi
2012AS10240,Ankita
2012AS10241,Avnika
2012AS10242,Trisha
2012AS10243,Bhawna
2012AS10244,Shalu
2012AS10245,Kanika
2012AS10246,Vani
2012AS10247,Nandini
2012AS10248,Deepika
2012AS10249,Neha Sharma
2013AS10200,Ashley
2013AS10201,Ajsd
2013AS10202,Ajsk
2013AS10203,Avner
2013AS10204,Vinay
2013AS10205,Akshay
2013AS10206,Sunil
2013AS10207,Vihaan
2013AS10208,Vanshikha
2013AS10209,Monika
2013AS10210,Rakhi
2013AS10211,Vasu
2013AS10212,Arunika
2013AS10213,Ishu
2013AS10214,Jai
2013AS10215,SriRam
2013AS10216,Prem
2013AS10217,Ayush
2013AS10218,Bipul
2013AS10219,Game
2013AS10220,Bipul Kumar
2013AS10221,Prakhar
2013AS10222,Deepak
2013AS10223,Udayin
2013AS10224,Momin
2013AS10225,Neha
2013AS10226,Sonam
2013AS10227,Shikha
2013AS10228,Monika
2013AS10229,Sunita
2013AS10230,Renu
2013AS10231,Manju
2013AS10232,Pankaj
2013AS10233,Ananya
2013AS10234,Vaibhav
2013AS10235,Rohit Singh
2013AS10236,Yogesh
2013AS10237,Sahil ch
2013AS10238,Sahil Singh
2013AS10239,Anushi
2013AS10240,Ankita
2013AS10241,Avnika
2013AS10242,Trisha
2013AS10243,Bhawna
2013AS10244,Shalu
2013AS10245,Kanika
2013AS10246,Vani
2013AS10247,Nandini
2013AS10248,Deepika
2013AS10249,Neha Sharma
2014AS10200,Ashley
2014AS10201,Ajsd
2014AS10202,Ajsk
2014AS10203,Avner
2014AS10204,Vinay
2014AS10205,Akshay
2014AS10206,Sunil
2014AS10207,Vihaan
2014AS10208,Vanshikha
2014AS10209,Monika
2014AS10210,Rakhi
2014AS10211,Vasu
2014AS10212,Arunika
2014AS10213,Ishu
2014AS10214,Jai
2014AS10215,SriRam
2014AS10216,Prem
2014AS10217,Ayush
2014AS10218,Bipul
2014AS10219,Game
2014AS10220,Bipul Kumar
2014AS10221,Prakhar
2014AS10222,Deepak
2014AS10223,Udayin
2014AS10224,Momin
2014AS10225,Neha
2014AS10226,Sonam
2014AS10227,Shikha
2014AS10228,Monika
2014AS10229,Sunita
2014AS10230,Renu
2014AS10231,Manju
2014AS10232,Pankaj
2014AS10233,Ananya
2014AS10234,Vaibhav
2014AS10235,Rohit Singh
2014AS10236,Yogesh
2014AS10237,Sahil ch
2014AS10238,Sahil Singh
2014AS10239,Anushi
2014AS10240,Ankita
2014AS10241,Avnika
2014AS10242,Trisha
2014AS10243,Bhawna
2014AS10244,Shalu
2014AS10245,Kanika
2014AS10246,Vani
2014AS10247,Nandini
2014AS10248,Deepika
2014AS10249,Neha Sharma
2015AS10200,Ashley
2015AS10201,Ajsd
2015AS10202,Ajsk
2015AS10203,Avner
2015AS10204,Vinay
2015AS10205,Akshay
2015AS10206,Sunil
2015AS10207,Vihaan
2015AS10208,Vanshikha
2015AS10209,Monika
2015AS10210,Rakhi
2015AS10211,Vasu
2015AS10212,Arunika
2015AS10213,Ishu
2015AS10214,Jai
2015AS10215,SriRam
2015AS10216,Prem
2015AS10217,Ayush
2015AS10218,Bipul
2015AS10219,Game
2015AS10220,Bipul Kumar
2015AS10221,Prakhar
2015AS10222,Deepak
2015AS10223,Udayin
2015AS10224,Momin
2015AS10225,Neha
2015AS10226,Sonam
2015AS10227,Shikha
2015AS10228,Monika
2015AS10229,Sunita
2015AS10230,Renu
2015AS10231,Manju
2015AS10232,Pankaj
2015AS10233,Ananya
2015AS10234,Vaibhav
2015AS10235,Rohit Singh
2015AS10236,Yogesh
2015AS10237,Sahil ch
2015AS10238,Sahil Singh
2015AS10239,Anushi
2015AS10240,Ankita
2015AS10241,Avnika
2015AS10242,Trisha
2015AS10243,Bhawna
2015AS10244,Shalu
2015AS10245,Kanika
2015AS10246,Vani
2015AS10247,Nandini
2015AS10248,Deepika
2015AS10249,Neha Sharma
2016AS10200,Ashley
2016AS10201,Ajsd
2016AS10202,Ajsk
2016AS10203,Avner
2016AS10204,Vinay
2016AS10205,Akshay
2016AS10206,Sunil
2016AS10207,Vihaan
2016AS10208,Vanshikha
2016AS10209,Monika
2016AS10210,Rakhi
2016AS10211,Vasu
2016AS10212,Arunika
2016AS10213,Ishu
2016AS10214,Jai
2016AS10215,SriRam
2016AS10216,Prem
2016AS10217,Ayush
2016AS10218,Bipul
2016AS10219,Game
2016AS10220,Bipul Kumar
2016AS10221,Prakhar
2016AS10222,Deepak
2016AS10223,Udayin
2016AS10224,Momin
2016AS10225,Neha
2016AS10226,Sonam
2016AS10227,Shikha
2016AS10228,Monika
2016AS10229,Sunita
2016AS10230,Renu
2016AS10231,Manju
2016AS10232,Pankaj
2016AS10233,Ananya
2016AS10234,Vaibhav
2016AS10235,Rohit Singh
2016AS10236,Yogesh
2016AS10237,Sahil ch
2016AS10238,Sahil Singh
2016AS10239,Anushi
2016AS10240,Ankita
2016AS10241,Avnika
2016AS10242,Trisha
2016AS10243,Bhawna
2016AS10244,Shalu
2016AS10245,Kanika
2016AS10246,Vani
2016AS10247,Nandini
2016AS10248,Deepika
2016AS10249,Neha Sharma
2017AS10200,Ashley
2017AS10201,Ajsd
2017AS10202,Ajsk
2017AS10203,Avner
2017AS10204,Vinay
2017AS10205,Akshay
2017AS10206,Sunil
2017AS10207,Vihaan
2017AS10208,Vanshikha
2017AS10209,Monika
2017AS10210,Rakhi
2017AS10211,Vasu
2017AS10212,Arunika
2017AS10213,Ishu
2017AS10214,Jai
2017AS10215,SriRam
2017AS10216,Prem
2017AS10217,Ayush
2017AS10218,Bipul
2017AS10219,Game
2017AS10220,Bipul Kumar
2017AS10221,Prakhar
2017AS10222,Deepak
2017AS10223,Udayin
2017AS10224,Momin
2017AS10225,Neha
2017AS10226,Sonam
2017AS10227,Shikha
2017AS10228,Monika
2017AS10229,Sunita
2017AS10230,Renu
2017AS10231,Manju
2017AS10232,Pankaj
2017AS10233,Ananya
2017AS10234,Vaibhav
2017AS10235,Rohit Singh
2017AS10236,Yogesh
2017AS10237,Sahil ch
2017AS10238,Sahil Singh
2017AS10239,Anushi
2017AS10240,Ankita
2017AS10241,Avnika
2017AS10242,Trisha
2017AS10243,Bhawna
2017AS10244,Shalu
2017AS10245,Kanika
2017AS10246,Vani
2017AS10247,Nandini
2017AS10248,Deepika
2017AS10249,Neha Sharma
2018AS10200,Ashley
2018AS10201,Ajsd
2018AS10202,Ajsk
2018AS10203,Avner
2018AS10204,Vinay
2018AS10205,Akshay
2018AS10206,Sunil
2018AS10207,Vihaan
2018AS10208,Vanshikha
2018AS10209,Monika
2018AS10210,Rakhi
2018AS10211,Vasu
2018AS10212,Arunika
2018AS10213,Ishu
2018AS10214,Jai
2018AS10215,SriRam
2018AS10216,Prem
2018AS10217,Ayush
2018AS10218,Bipul
2018AS10219,Game
2018AS10220,Bipul Kumar
2018AS10221,Prakhar
2018AS10222,Deepak
2018AS10223,Udayin
2018AS10224,Momin
2018AS10225,Neha
2018AS10226,Sonam
2018AS10227,Shikha
2018AS10228,Monika
2018AS10229,Sunita
2018AS10230,Renu
2018AS10231,Manju
2018AS10232,Pankaj
2018AS10233,Ananya
2018AS10234,Vaibhav
2018AS10235,Rohit Singh
2018AS10236,Yogesh
2018AS10237,Sahil ch
2018AS10238,Sahil Singh
2018AS10239,Anushi
2018AS10240,Ankita
2018AS10241,Avnika
2018AS10242,Trisha
2018AS10243,Bhawna
2018AS10244,Shalu
2018AS10245,Kanika
2018AS10246,Vani
2018AS10247,Nandini
2018AS10248,Deepika
2018AS10249,Neha Sharma
2019AS10200,Ashley
2019AS10201,Ajsd
2019AS10202,Ajsk
2019AS10203,Avner
2019AS10204,Vinay
2019AS10205,Akshay
2019AS10206,Sunil
2019AS10207,Vihaan
2019AS10208,Vanshikha
2019AS10209,Monika
2019AS10210,Rakhi
2019AS10211,Vasu
2019AS10212,Arunika
2019AS10213,Ishu
2019AS10214,Jai
2019AS10215,SriRam
2019AS10216,Prem
2019AS10217,Ayush
2019AS10218,Bipul
2019AS10219,Game
2019AS10220,Bipul Kumar
2019AS10221,Prakhar
2019AS10222,Deepak
2019AS10223,Udayin
2019AS10224,Momin
2019AS10225,Neha
2019AS10226,Sonam
2019AS10227,Shikha
2019AS10228,Monika
2019AS10229,Sunita
2019AS10230,Renu
2019AS10231,Manju
2019AS10232,Pankaj
2019AS10233,Ananya
2019AS10234,Vaibhav
2019AS10235,Rohit Singh
2019AS10236,Yogesh
2019AS10237,Sahil ch
2019AS10238,Sahil Singh
2019AS10239,Anushi
2019AS10240,Ankita
2019AS10241,Avnika
2019AS10242,Trisha
2019AS10243,Bhawna
2019AS10244,Shalu
2019AS10245,Kanika
2019AS10246,Vani
2019AS10247,Nandini
2019AS10248,Deepika
2019AS10249,Neha Sharma
2010ES10200,Ashley
2010ES10201,Ajsd
2010ES10202,Ajsk
2010ES10203,Avner
2010ES10204,Vinay
2010ES10205,Akshay
2010ES10206,Sunil
2010ES10207,Vihaan
2010ES10208,Vanshikha
2010ES10209,Monika
2010ES10210,Rakhi
2010ES10211,Vasu
2010ES10212,Arunika
2010ES10213,Ishu
2010ES10214,Jai
2010ES10215,SriRam
2010ES10216,Prem
2010ES10217,Ayush
2010ES10218,Bipul
2010ES10219,Game
2010ES10220,Bipul Kumar
2010ES10221,Prakhar
2010ES10222,Deepak
2010ES10223,Udayin
2010ES10224,Momin
2010ES10225,Neha
2010ES10226,Sonam
2010ES10227,Shikha
2010ES10228,Monika
2010ES10229,Sunita
2010ES10230,Renu
2010ES10231,Manju
2010ES10232,Pankaj
2010ES10233,Ananya
2010ES10234,Vaibhav
2010ES10235,Rohit Singh
2010ES10236,Yogesh
2010ES10237,Sahil ch
2010ES10238,Sahil Singh
2010ES10239,Anushi
2010ES10240,Ankita
2010ES10241,Avnika
2010ES10242,Trisha
2010ES10243,Bhawna
2010ES10244,Shalu
2010ES10245,Kanika
2010ES10246,Vani
2010ES10247,Nandini
2010ES10248,Deepika
2010ES10249,Neha Sharma
2011ES10200,Ashley
2011ES10201,Ajsd
2011ES10202,Ajsk
2011ES10203,Avner
2011ES10204,Vinay
2011ES10205,Akshay
2011ES10206,Sunil
2011ES10207,Vihaan
2011ES10208,Vanshikha
2011ES10209,Monika
2011ES10210,Rakhi
2011ES10211,Vasu
2011ES10212,Arunika
2011ES10213,Ishu
2011ES10214,Jai
2011ES10215,SriRam
2011ES10216,Prem
2011ES10217,Ayush
2011ES10218,Bipul
2011ES10219,Game
2011ES10220,Bipul Kumar
2011ES10221,Prakhar
2011ES10222,Deepak
2011ES10223,Udayin
2011ES10224,Momin
2011ES10225,Neha
2011ES10226,Sonam
2011ES10227,Shikha
2011ES10228,Monika
2011ES10229,Sunita
2011ES10230,Renu
2011ES10231,Manju
2011ES10232,Pankaj
2011ES10233,Ananya
2011ES10234,Vaibhav
2011ES10235,Rohit Singh
2011ES10236,Yogesh
2011ES10237,Sahil ch
2011ES10238,Sahil Singh
2011ES10239,Anushi
2011ES10240,Ankita
2011ES10241,Avnika
2011ES10242,Trisha
2011ES10243,Bhawna
2011ES10244,Shalu
2011ES10245,Kanika
2011ES10246,Vani
2011ES10247,Nandini
2011ES10248,Deepika
2011ES10249,Neha Sharma
2012ES10200,Ashley
2012ES10201,Ajsd
2012ES10202,Ajsk
2012ES10203,Avner
2012ES10204,Vinay
2012ES10205,Akshay
2012ES10206,Sunil
2012ES10207,Vihaan
2012ES10208,Vanshikha
2012ES10209,Monika
2012ES10210,Rakhi
2012ES10211,Vasu
2012ES10212,Arunika
2012ES10213,Ishu
2012ES10214,Jai
2012ES10215,SriRam
2012ES10216,Prem
2012ES10217,Ayush
2012ES10218,Bipul
2012ES10219,Game
2012ES10220,Bipul Kumar
2012ES10221,Prakhar
2012ES10222,Deepak
2012ES10223,Udayin
2012ES10224,Momin
2012ES10225,Neha
2012ES10226,Sonam
2012ES10227,Shikha
2012ES10228,Monika
2012ES10229,Sunita
2012ES10230,Renu
2012ES10231,Manju
2012ES10232,Pankaj
2012ES10233,Ananya
2012ES10234,Vaibhav
2012ES10235,Rohit Singh
2012ES10236,Yogesh
2012ES10237,Sahil ch
2012ES10238,Sahil Singh
2012ES10239,Anushi
2012ES10240,Ankita
2012ES10241,Avnika
2012ES10242,Trisha
2012ES10243,Bhawna
2012ES10244,Shalu
2012ES10245,Kanika
2012ES10246,Vani
2012ES10247,Nandini
2012ES10248,Deepika
2012ES10249,Neha Sharma
2013ES10200,Ashley
2013ES10201,Ajsd
2013ES10202,Ajsk
2013ES10203,Avner
2013ES10204,Vinay
2013ES10205,Akshay
2013ES10206,Sunil
2013ES10207,Vihaan
2013ES10208,Vanshikha
2013ES10209,Monika
2013ES10210,Rakhi
2013ES10211,Vasu
2013ES10212,Arunika
2013ES10213,Ishu
2013ES10214,Jai
2013ES10215,SriRam
2013ES10216,Prem
2013ES10217,Ayush
2013ES10218,Bipul
2013ES10219,Game
2013ES10220,Bipul Kumar
2013ES10221,Prakhar
2013ES10222,Deepak
2013ES10223,Udayin
2013ES10224,Momin
2013ES10225,Neha
2013ES10226,Sonam
2013ES10227,Shikha
2013ES10228,Monika
2013ES10229,Sunita
2013ES10230,Renu
2013ES10231,Manju
2013ES10232,Pankaj
2013ES10233,Ananya
2013ES10234,Vaibhav
2013ES10235,Rohit Singh
2013ES10236,Yogesh
2013ES10237,Sahil ch
2013ES10238,Sahil Singh
2013ES10239,Anushi
2013ES10240,Ankita
2013ES10241,Avnika
2013ES10242,Trisha
2013ES10243,Bhawna
2013ES10244,Shalu
2013ES10245,Kanika
2013ES10246,Vani
2013ES10247,Nandini
2013ES10248,Deepika
2013ES10249,Neha Sharma
2014ES10200,Ashley
2014ES10201,Ajsd
2014ES10202,Ajsk
2014ES10203,Avner
2014ES10204,Vinay
2014ES10205,Akshay
2014ES10206,Sunil
2014ES10207,Vihaan
2014ES10208,Vanshikha
2014ES10209,Monika
2014ES10210,Rakhi
2014ES10211,Vasu
2014ES10212,Arunika
2014ES10213,Ishu
2014ES10214,Jai
2014ES10215,SriRam
2014ES10216,Prem
2014ES10217,Ayush
2014ES10218,Bipul
2014ES10219,Game
2014ES10220,Bipul Kumar
2014ES10221,Prakhar
2014ES10222,Deepak
2014ES10223,Udayin
2014ES10224,Momin
2014ES10225,Neha
2014ES10226,Sonam
2014ES10227,Shikha
2014ES10228,Monika
2014ES10229,Sunita
2014ES10230,Renu
2014ES10231,Manju
2014ES10232,Pankaj
2014ES10233,Ananya
2014ES10234,Vaibhav
2014ES10235,Rohit Singh
2014ES10236,Yogesh
2014ES10237,Sahil ch
2014ES10238,Sahil Singh
2014ES10239,Anushi
2014ES10240,Ankita
2014ES10241,Avnika
2014ES10242,Trisha
2014ES10243,Bhawna
2014ES10244,Shalu
2014ES10245,Kanika
2014ES10246,Vani
2014ES10247,Nandini
2014ES10248,Deepika
2014ES10249,Neha Sharma
2015ES10200,Ashley
2015ES10201,Ajsd
2015ES10202,Ajsk
2015ES10203,Avner
2015ES10204,Vinay
2015ES10205,Akshay
2015ES10206,Sunil
2015ES10207,Vihaan
2015ES10208,Vanshikha
2015ES10209,Monika
2015ES10210,Rakhi
2015ES10211,Vasu
2015ES10212,Arunika
2015ES10213,Ishu
2015ES10214,Jai
2015ES10215,SriRam
2015ES10216,Prem
2015ES10217,Ayush
2015ES10218,Bipul
2015ES10219,Game
2015ES10220,Bipul Kumar
2015ES10221,Prakhar
2015ES10222,Deepak
2015ES10223,Udayin
2015ES10224,Momin
2015ES10225,Neha
2015ES10226,Sonam
2015ES10227,Shikha
2015ES10228,Monika
2015ES10229,Sunita
2015ES10230,Renu
2015ES10231,Manju
2015ES10232,Pankaj
2015ES10233,Ananya
2015ES10234,Vaibhav
2015ES10235,Rohit Singh
2015ES10236,Yogesh
2015ES10237,Sahil ch
2015ES10238,Sahil Singh
2015ES10239,Anushi
2015ES10240,Ankita
2015ES10241,Avnika
2015ES10242,Trisha
2015ES10243,Bhawna
2015ES10244,Shalu
2015ES10245,Kanika
2015ES10246,Vani
2015ES10247,Nandini
2015ES10248,Deepika
2015ES10249,Neha Sharma
2016ES10200,Ashley
2016ES10201,Ajsd
2016ES10202,Ajsk
2016ES10203,Avner
2016ES10204,Vinay
2016ES10205,Akshay
2016ES10206,Sunil
2016ES10207,Vihaan
2016ES10208,Vanshikha
2016ES10209,Monika
2016ES10210,Rakhi
2016ES10211,Vasu
2016ES10212,Arunika
2016ES10213,Ishu
2016ES10214,Jai
2016ES10215,SriRam
2016ES10216,Prem
2016ES10217,Ayush
2016ES10218,Bipul
2016ES10219,Game
2016ES10220,Bipul Kumar
2016ES10221,Prakhar
2016ES10222,Deepak
2016ES10223,Udayin
2016ES10224,Momin
2016ES10225,Neha
2016ES10226,Sonam
2016ES10227,Shikha
2016ES10228,Monika
2016ES10229,Sunita
2016ES10230,Renu
2016ES10231,Manju
2016ES10232,Pankaj
2016ES10233,Ananya
2016ES10234,Vaibhav
2016ES10235,Rohit Singh
2016ES10236,Yogesh
2016ES10237,Sahil ch
2016ES10238,Sahil Singh
2016ES10239,Anushi
2016ES10240,Ankita
2016ES10241,Avnika
2016ES10242,Trisha
2016ES10243,Bhawna
2016ES10244,Shalu
2016ES10245,Kanika
2016ES10246,Vani
2016ES10247,Nandini
2016ES10248,Deepika
2016ES10249,Neha Sharma
2017ES10200,Ashley
2017ES10201,Ajsd
2017ES10202,Ajsk
2017ES10203,Avner
2017ES10204,Vinay
2017ES10205,Akshay
2017ES10206,Sunil
2017ES10207,Vihaan
2017ES10208,Vanshikha
2017ES10209,Monika
2017ES10210,Rakhi
2017ES10211,Vasu
2017ES10212,Arunika
2017ES10213,Ishu
2017ES10214,Jai
2017ES10215,SriRam
2017ES10216,Prem
2017ES10217,Ayush
2017ES10218,Bipul
2017ES10219,Game
2017ES10220,Bipul Kumar
2017ES10221,Prakhar
2017ES10222,Deepak
2017ES10223,Udayin
2017ES10224,Momin
2017ES10225,Neha
2017ES10226,Sonam
2017ES10227,Shikha
2017ES10228,Monika
2017ES10229,Sunita
2017ES10230,Renu
2017ES10231,Manju
2017ES10232,Pankaj
2017ES10233,Ananya
2017ES10234,Vaibhav
2017ES10235,Rohit Singh
2017ES10236,Yogesh
2017ES10237,Sahil ch
2017ES10238,Sahil Singh
2017ES10239,Anushi
2017ES10240,Ankita
2017ES10241,Avnika
2017ES10242,Trisha
2017ES10243,Bhawna
2017ES10244,Shalu
2017ES10245,Kanika
2017ES10246,Vani
2017ES10247,Nandini
2017ES10248,Deepika
2017ES10249,Neha Sharma
2018ES10200,Ashley
2018ES10201,Ajsd
2018ES10202,Ajsk
2018ES10203,Avner
2018ES10204,Vinay
2018ES10205,Akshay
2018ES10206,Sunil
2018ES10207,Vihaan
2018ES10208,Vanshikha
2018ES10209,Monika
2018ES10210,Rakhi
2018ES10211,Vasu
2018ES10212,Arunika
2018ES10213,Ishu
2018ES10214,Jai
2018ES10215,SriRam
2018ES10216,Prem
2018ES10217,Ayush
2018ES10218,Bipul
2018ES10219,Game
2018ES10220,Bipul Kumar
2018ES10221,Prakhar
2018ES10222,Deepak
2018ES10223,Udayin
2018ES10224,Momin
2018ES10225,Neha
2018ES10226,Sonam
2018ES10227,Shikha
2018ES10228,Monika
2018ES10229,Sunita
2018ES10230,Renu
2018ES10231,Manju
2018ES10232,Pankaj
2018ES10233,Ananya
2018ES10234,Vaibhav
2018ES10235,Rohit Singh
2018ES10236,Yogesh
2018ES10237,Sahil ch
2018ES10238,Sahil Singh
2018ES10239,Anushi
2018ES10240,Ankita
2018ES10241,Avnika
2018ES10242,Trisha
2018ES10243,Bhawna
2018ES10244,Shalu
2018ES10245,Kanika
2018ES10246,Vani
2018ES10247,Nandini
2018ES10248,Deepika
2018ES10249,Neha Sharma
2019ES10200,Ashley
2019ES10201,Ajsd
2019ES10202,Ajsk
2019ES10203,Avner
2019ES10204,Vinay
2019ES10205,Akshay
2019ES10206,Sunil
2019ES10207,Vihaan
2019ES10208,Vanshikha
2019ES10209,Monika
2019ES10210,Rakhi
2019ES10211,Vasu
2019ES10212,Arunika
2019ES10213,Ishu
2019ES10214,Jai
2019ES10215,SriRam
2019ES10216,Prem
2019ES10217,Ayush
2019ES10218,Bipul
2019ES10219,Game
2019ES10220,Bipul Kumar
2019ES10221,Prakhar
2019ES10222,Deepak
2019ES10223,Udayin
2019ES10224,Momin
2019ES10225,Neha
2019ES10226,Sonam
2019ES10227,Shikha
2019ES10228,Monika
2019ES10229,Sunita
2019ES10230,Renu
2019ES10231,Manju
2019ES10232,Pankaj
2019ES10233,Ananya
2019ES10234,Vaibhav
2019ES10235,Rohit Singh
2019ES10236,Yogesh
2019ES10237,Sahil ch
2019ES10238,Sahil Singh
2019ES10239,Anushi
2019ES10240,Ankita
2019ES10241,Avnika
2019ES10242,Trisha
2019ES10243,Bhawna
2019ES10244,Shalu
2019ES10245,Kanika
2019ES10246,Vani
2019ES10247,Nandini
2019ES10248,Deepika
2019ES10249,Neha Sharma
